S_22_07670	F
S_22_07675	M
S_22_07680	F
S_22_07683	M
S_22_07685	F
S_22_07687	F
S_22_07689	F
S_22_07691	F
S_22_07692	F
S_22_07694	F
S_22_07695	F
S_22_07697	F
S_22_07700	M
S_22_07701	F
S_22_07703	F
S_22_07705	F
S_22_07707	F
S_22_07708	F
S_22_07711	F
S_22_07712	F
S_22_07714	F
S_22_08006	F
S_22_08009	M
S_22_08011	F
S_22_08013	F
S_22_08015	F
S_22_08016	M
S_22_08020	M
S_22_08021	M
S_22_08022	M
S_22_08023	F
S_22_08025	F
S_22_08029	M
S_22_08030	M
S_22_08031	F
S_22_08032	M
S_22_08035	M
S_22_08036	M
S_22_08041	M
S_22_08042	M
S_22_08043	M
S_22_08048	M
S_22_08049	M
S_22_08050	M
S_22_08053	M
S_22_08054	F
S_22_08056	F
S_22_08059	M
S_22_08060	M
S_22_08061	F
S_22_08067	M
S_22_08068	F
S_22_08069	F
S_22_08070	M
S_22_08071	F
S_22_08076	M
S_22_08078	M
S_22_08079	M
S_22_08080	M
S_22_08081	M
S_22_08082	F
S_22_08083	F
S_22_08084	M
S_22_08087	M
S_22_08088	M
S_22_08098	F
S_22_08099	M
S_22_08104	F
S_22_08108	F
S_22_08109	F
S_22_08110	M
S_22_08111	F
S_22_08115	M
S_22_08116	F
S_22_08117	F
S_22_08118	M
S_22_08120	F
S_22_08121	F
S_22_08122	F
S_22_08124	M
S_22_08137	M
S_22_08138	F
S_22_08139	M
S_22_08140	M
S_22_08143	F
S_22_08147	F
S_22_08149	M
S_22_08150	M
S_22_08151	F
S_22_08154	F
S_22_08155	M
S_22_08157	M
S_22_08158	F
S_22_08161	F
S_22_08163	M
S_22_07665	F
S_22_07690	F
S_22_07696	F
S_22_07706	F
S_22_08280	M
S_22_08281	F
S_22_08283	M
S_22_08284	M
S_22_08286	F
S_22_08287	F
S_22_08288	M
S_22_08289	F
S_22_08291	M
S_22_08292	M
S_22_08295	M
S_22_08301	M
S_22_08302	F
S_22_08305	M
S_22_08306	M
S_22_08308	F
S_22_08311	F
S_22_08313	F
S_22_08314	F
S_22_08315	F
S_22_08318	M
S_22_08319	M
S_22_08323	F
S_22_08324	M
S_22_08326	F
S_22_08327	F
S_22_08346	M
S_22_09296	F
S_22_09297	F
S_22_09303	M
S_22_09304	M
S_22_09305	F
S_22_09306	M
S_22_09307	F
S_22_09318	F
S_22_09320	M
S_22_09322	F
S_22_09323	M
S_22_09324	M
S_22_09325	F
S_22_09326	M
S_22_09327	F
S_22_09333	M
S_22_09334	M
S_22_09335	M
S_22_09336	M
S_22_09337	F
S_22_09342	F
S_22_09343	F
S_22_09344	F
S_22_09345	F
S_22_09352	M
S_22_09353	M
S_22_09354	M
S_22_09362	F
S_22_09363	F
S_22_09364	M
S_22_09366	M
S_22_09367	F
S_22_09368	F
S_22_09376	F
S_22_09377	M
S_22_09378	M
S_22_09386	F
S_22_09387	F
S_22_09388	F
S_22_09391	M
S_22_09400	M
S_22_09401	F
S_22_09402	F
S_22_09403	F
S_22_09409	F
S_22_09410_rep	F
S_22_09411	M
S_22_09412	F
S_22_09413	F
S_22_09419	F
S_22_09421	M
S_22_09422	F
S_22_09423	F
S_22_09427	F
S_22_09428	F
S_22_09430	F
S_22_09434	F
S_22_09440	F
S_22_09444	F
S_22_09447	M
S_22_09452	M
S_22_09453	M
S_22_09454	F
S_22_09200	M
S_22_09201	F
S_22_09202	F
S_22_09203	F
S_22_09205	F
S_22_09206	F
S_22_09207	F
S_22_09208	M
S_22_09209	F
S_22_09210	F
S_22_09211	M
S_22_09212	F
S_22_09213	F
S_22_09214	F
S_22_09215	M
S_22_09216	F
S_22_09217	F
S_22_09218	M
S_22_09219	F
S_22_09221	F
S_22_09222	F
S_22_09225	F
S_22_09226	M
S_22_09228	M
S_22_09229	M
S_22_09231	F
S_22_09232	M
S_22_09233	F
S_22_09234	M
S_22_09235	F
S_22_09236	M
S_22_09237	F
S_22_09238	F
S_22_09239	F
S_22_09240	F
S_22_09242	M
S_22_09243	M
S_22_09244	F
S_22_09245	F
S_22_09246	F
S_22_09247	F
S_22_09248	F
S_22_09249	F
S_22_09250	F
S_22_09251	M
S_22_09252	M
S_22_09253	M
S_22_09254	F
S_22_09255	F
S_22_09262	M
S_22_09263	M
S_22_09264	M
S_22_09265	M
S_22_09272	M
S_22_09273	M
S_22_09274	M
S_22_09275	F
S_22_09279	F
S_22_09280	M
S_22_09281	F
S_22_09283	F
S_22_09285	M
S_22_09286	M
S_22_09287	F
S_22_09294	F
S_22_09295	M
