#source:radsex-signif;min_depth:10;signif_threshold:0.05;bonferroni:true;n_markers:701307
id	sequence	S_22_08081	S_22_09205	S_22_08301	S_22_09246	S_22_08306	S_22_09419	S_22_09343	S_22_09275	S_22_08088	S_22_07687	S_22_09240	S_22_08069	S_22_09279	S_22_09287	S_22_07711	S_22_09323	S_22_08283	S_22_08139	S_22_07714	S_22_07665	S_22_09430	S_22_09202	S_22_09353	S_22_08155	S_22_07697	S_22_09245	S_22_09243	S_22_08147	S_22_09320	S_22_09303	S_22_08048	S_22_09367	S_22_08009	S_22_08110	S_22_08108	S_22_09222	S_22_09444	S_22_08015	S_22_09453	S_22_08291	S_22_09225	S_22_07680	S_22_09203	S_22_09212	S_22_07694	S_22_08323	S_22_09409	S_22_08016	S_22_08280	S_22_08137	S_22_08286	S_22_08281	S_22_08059	S_22_09368	S_22_08308	S_22_09236	S_22_07690	S_22_08070	S_22_08006	S_22_08060	S_22_09280	S_22_07708	S_22_09391	S_22_09252	S_22_08288	S_22_08302	S_22_09410_rep	S_22_08318	S_22_08149	S_22_08151	S_22_09217	S_22_08071	S_22_09447	S_22_08080	S_22_09234	S_22_08061	S_22_08067	S_22_08163	S_22_08104	S_22_09364	S_22_09400	S_22_09354	S_22_09440	S_22_08143	S_22_09237	S_22_07691	S_22_08120	S_22_09387	S_22_08042	S_22_09376	S_22_08079	S_22_09233	S_22_08084	S_22_09207	S_22_07696	S_22_07706	S_22_09337	S_22_07683	S_22_09307	S_22_09265	S_22_09283	S_22_09362	S_22_08099	S_22_09221	S_22_08157	S_22_08030	S_22_09254	S_22_09334	S_22_08313	S_22_08284	S_22_09274	S_22_09213	S_22_08032	S_22_08311	S_22_09345	S_22_09272	S_22_09305	S_22_08346	S_22_09263	S_22_08083	S_22_08292	S_22_08327	S_22_09322	S_22_08056	S_22_08098	S_22_09388	S_22_09324	S_22_07705	S_22_09325	S_22_09427	S_22_09264	S_22_09228	S_22_09304	S_22_09244	S_22_08020	S_22_09294	S_22_09306	S_22_09434	S_22_09226	S_22_08021	S_22_07700	S_22_08041	S_22_08036	S_22_08109	S_22_09295	S_22_08140	S_22_09286	S_22_09231	S_22_08305	S_22_09344	S_22_08035	S_22_09452	S_22_08314	S_22_08154	S_22_08319	S_22_09250	S_22_09377	S_22_08068	S_22_08116	S_22_07703	S_22_09403	S_22_09209	S_22_09229	S_22_09216	S_22_08124	S_22_09255	S_22_09214	S_22_07692	S_22_08013	S_22_08150	S_22_09366	S_22_09281	S_22_09215	S_22_08324	S_22_09232	S_22_08029	S_22_07701	S_22_07695	S_22_09335	S_22_08122	S_22_09239	S_22_08082	S_22_08011	S_22_08315	S_22_09285	S_22_07689	S_22_08115	S_22_09211	S_22_09206	S_22_08087	S_22_08289	S_22_08078	S_22_07670	S_22_09422	S_22_09253	S_22_08161	S_22_08054	S_22_09249	S_22_08031	S_22_08295	S_22_08053	S_22_09201	S_22_09421	S_22_08326	S_22_08117	S_22_09423	S_22_09247	S_22_07685	S_22_09251	S_22_09318	S_22_08050	S_22_09218	S_22_09210	S_22_09296	S_22_08023	S_22_07707	S_22_09262	S_22_08138	S_22_08049	S_22_09363	S_22_09336	S_22_09401	S_22_09235	S_22_09238	S_22_09378	S_22_09333	S_22_09327	S_22_09242	S_22_08118	S_22_09428	S_22_09200	S_22_08158	S_22_08025	S_22_09342	S_22_08076	S_22_09297	S_22_08043	S_22_09411	S_22_07675	S_22_09454	S_22_08022	S_22_07712	S_22_09386	S_22_09402	S_22_09413	S_22_09248	S_22_08121	S_22_09352	S_22_09219	S_22_08111	S_22_09208	S_22_09412	S_22_09273	S_22_08287	S_22_09326
21155640	TGCAGTTCTTCATCGTCAGGAACACTTCCCATCCAGGTGTGACACGTGACACACCTCCGTAACATACAACAGACCTGCTGAAACTCCCTTAAACAGGCCTCGGGACTGTCTGATCCAGGTCTTCTCCCACAGCAG	1	0	9	0	18	0	0	0	0	15	0	0	0	0	1	0	2	23	0	1	16	0	19	5	0	0	24	6	28	13	10	0	4	12	0	16	0	0	30	1	1	2	29	0	0	0	23	0	17	4	0	0	9	0	0	28	0	2	0	15	16	0	13	0	0	15	27	11	5	12	27	0	11	22	19	1	7	14	0	37	0	31	12	1	3	0	0	11	2	6	0	1	13	0	0	0	31	12	14	12	0	0	8	0	0	6	0	5	11	12	20	0	0	0	0	17	11	24	20	0	1	8	0	1	8	17	16	0	0	0	31	30	14	14	15	15	21	1	32	0	2	0	0	0	28	0	30	0	10	0	20	25	8	0	3	0	0	0	0	0	21	2	27	0	4	23	0	0	3	6	1	0	19	0	21	9	0	0	23	0	0	3	16	0	11	0	0	34	0	7	0	0	0	0	0	0	7	0	0	9	0	11	31	0	1	0	0	0	18	0	12	39	0	14	0	0	12	0	17	0	15	11	0	0	19	0	35	19	0	0	11	0	3	0	4	0	0	21	1	0	14	0	15	12	0	31	0	0	0	0	21	0	0	0	0
21213510	TGCAGTTTAATCGAGTGCTGTTTAAGGCAGGTTCAATCTGATTGGCCTGATCAGCCAATCGGTGATCAGGCGGTAATAACACACTGAAAGGTGTCTGAAAGGGCTCGCCATACCGTTGCACTGACAACACGGGCA	5	0	23	0	27	0	0	0	1	8	0	1	0	0	0	0	9	17	0	0	19	0	12	0	0	0	9	3	25	33	4	0	16	16	0	9	0	0	32	16	0	0	33	23	0	0	22	0	24	8	0	0	40	1	0	27	0	15	3	37	15	0	18	0	0	22	22	12	6	21	34	0	13	16	24	6	8	16	0	22	0	42	12	3	0	0	0	19	5	10	0	0	40	0	0	0	32	9	15	20	0	0	12	0	0	6	0	12	15	13	21	0	0	0	0	12	9	17	15	0	6	17	0	1	10	18	19	0	0	0	36	25	9	23	27	20	47	0	53	1	3	0	11	0	39	0	0	0	31	0	0	23	13	15	13	0	0	1	0	0	21	0	39	0	41	17	0	0	0	12	0	0	18	0	27	29	0	0	13	0	0	2	23	0	27	1	0	35	0	21	0	0	0	0	0	0	3	0	0	17	4	19	27	0	0	0	0	0	21	0	8	20	0	33	0	0	15	0	28	0	7	17	0	1	22	0	34	13	0	0	18	0	10	0	34	0	1	23	10	0	22	0	19	19	1	12	0	0	0	0	26	0	0	0	0
22003436	TGCAGACTCAGTGAGGGCGGGGTAAGGCCGCGGCTGGTCCAGGTTGACGTAGGTGACCTTCAGGCTGATGTAGTGCTCTCCCTCCAGAACAGACAGGATGCTGAGCACCGAGGAGACAAGCGTGGCGAAGCTGGG	13	0	20	0	28	0	0	0	1	6	0	4	0	0	0	0	15	26	1	0	13	0	7	17	0	0	29	23	31	11	17	0	14	12	35	33	24	0	48	9	0	0	17	1	0	0	22	0	32	6	0	23	26	0	0	47	1	8	4	20	19	0	31	0	26	18	26	9	10	16	18	0	15	14	30	0	6	11	0	22	0	30	18	0	47	0	0	39	6	3	2	52	19	0	1	0	38	15	21	31	18	0	1	0	32	14	0	8	20	2	32	0	0	0	0	27	12	16	44	10	3	10	20	1	6	15	36	0	2	0	46	32	17	39	9	21	27	0	48	0	21	14	15	1	24	3	26	0	26	0	21	17	17	24	6	0	0	0	0	0	36	0	22	18	12	38	0	0	4	8	0	0	27	0	76	29	0	0	34	0	0	2	22	0	24	0	0	23	0	10	1	2	40	0	0	0	4	0	0	12	0	20	36	1	0	0	0	2	26	0	24	34	0	34	3	0	24	0	51	0	19	15	0	1	21	0	35	16	0	0	13	13	11	0	22	0	13	18	14	19	80	28	39	35	0	30	0	0	0	1	65	0	0	0	1
23318873	TGCAGGCGTTTCGCAAATCCCATACCCAACCTTTAAGGGGCGGACAAAAGGTTTGATAGCTGGGCGGAGCCAAGTCTGCCTGAGCTACCATGCCCATTTAAGGGCTAGCTATTAGTAGCGTCAGGACCCAGCAAA	3	0	20	0	24	0	0	0	0	11	0	6	0	0	0	0	18	24	0	1	11	0	16	7	0	0	24	16	19	22	7	0	11	20	37	15	16	0	75	11	0	0	21	0	0	0	30	0	31	15	0	2	9	0	0	59	0	4	0	12	20	0	19	0	14	20	40	15	6	9	28	0	8	8	19	1	14	8	0	24	0	40	29	4	57	0	0	42	12	4	1	27	12	0	1	5	48	17	11	23	25	0	8	0	14	7	0	14	21	20	12	0	0	0	0	16	14	8	36	11	3	21	22	1	7	28	19	0	0	0	30	36	14	35	17	13	41	0	52	0	5	10	12	0	35	0	22	0	19	0	15	26	6	10	4	0	0	1	6	0	25	0	28	7	18	46	0	0	2	10	1	0	23	0	69	13	0	0	24	0	0	3	15	0	24	0	0	28	0	18	0	1	18	0	0	0	0	0	0	10	0	20	22	0	0	3	0	0	17	0	11	35	0	29	1	0	25	2	23	0	16	28	0	1	14	0	38	14	0	0	27	8	8	0	16	0	13	33	6	46	59	11	30	28	0	19	0	0	0	4	54	1	0	0	1
29379813	TGCAGCAACTCATCAAGGACGACCCCCCTGAGCAGGACCCGTGCTGTCCAGAGGGGAAGTTCGATCCCATCCAGATCAACCTGAAGAAACAGAAGATGAACGACCTGGAGCCTAAGTCAGATATGGAAATTTTTG	16	0	7	0	28	0	0	0	0	3	0	3	0	0	0	0	18	19	0	0	11	0	23	7	0	0	22	1	26	23	6	0	9	5	0	12	0	0	22	10	0	0	40	0	0	0	22	0	26	4	0	0	29	0	0	22	0	6	1	31	16	0	16	0	0	8	33	13	0	15	26	0	22	4	19	0	8	12	0	28	0	17	11	0	0	0	0	17	2	6	0	0	27	0	0	0	65	8	17	20	0	0	2	0	0	8	0	17	11	8	26	0	0	0	0	17	12	9	18	0	5	10	0	3	15	26	20	0	0	0	13	38	21	1	33	22	21	0	40	0	7	0	12	0	1	0	35	0	21	0	12	48	15	0	2	0	0	0	0	0	22	0	33	0	12	23	0	0	2	8	0	0	18	1	26	39	0	0	22	0	0	1	17	0	35	0	0	30	0	24	0	0	0	0	0	0	1	0	0	4	3	20	26	0	0	0	0	1	15	0	7	25	0	26	0	0	16	1	43	0	20	12	0	0	19	0	20	11	1	0	26	0	9	0	11	0	0	28	7	0	26	0	25	22	0	22	0	0	0	0	26	0	0	0	0
31729580	TGCAGAAATGTCAGATCAGAACACTGTTCGTCGGATGAGACGGCGGGGCGGAGCACTCCACCTACACTCCGAGCCCCCTGATGAAGTGGGTTATGTCGAGTTTAGACCGCCCCCTCCTTCATTGTAATGCCACAC	6	0	5	0	23	0	0	0	2	14	0	2	0	0	0	0	4	25	0	0	26	0	18	6	0	0	27	3	30	23	5	0	7	11	0	15	0	0	23	13	0	0	43	22	0	0	16	0	39	0	0	0	18	0	0	17	0	7	0	42	8	0	32	0	0	18	28	9	11	7	29	0	9	8	24	1	4	13	0	29	0	22	11	1	0	0	0	27	11	1	0	0	26	0	0	0	47	12	17	13	1	0	3	0	0	14	0	5	26	11	24	0	0	0	0	18	12	16	51	0	6	8	0	0	8	20	16	1	0	0	25	34	28	0	12	11	36	0	33	0	8	2	11	0	0	0	0	0	19	0	13	27	8	8	9	0	0	1	0	0	21	0	34	0	15	20	0	0	0	4	1	0	41	0	53	22	0	0	26	0	0	0	17	0	26	0	0	18	0	7	0	0	0	0	0	0	4	0	0	15	1	26	18	0	0	0	0	4	24	0	27	37	0	31	1	0	30	0	40	0	15	6	0	0	4	0	42	23	0	0	16	0	5	0	13	0	0	30	16	0	23	0	37	12	0	25	0	0	0	0	20	0	0	0	0
32096310	TGCAGAAGCCAACACACACTGTAGTGTGCATTCATATGGGCAGATCACAGCACCACGTGAAGCCTCACGGACGTAGACAGTCTACGTGACTAACCCAAGGGTGGATGACACGATAGGGGAGCAGATGTATTTCTC	4	0	16	0	27	0	0	0	2	5	0	0	1	0	0	0	9	56	0	0	21	0	24	8	0	0	26	6	38	16	11	0	17	16	0	30	0	0	40	10	0	0	61	0	0	0	19	0	29	7	0	0	37	0	0	26	0	6	0	30	13	0	18	0	0	10	39	15	10	13	52	0	10	5	30	1	6	12	0	20	0	39	18	0	0	0	0	19	0	3	1	0	29	0	0	0	42	6	16	18	0	0	8	0	0	9	0	10	34	16	25	0	0	0	0	36	3	16	24	0	3	16	0	0	8	40	43	0	0	0	34	26	20	15	9	26	27	0	55	0	7	0	15	0	28	0	0	0	25	0	13	19	4	1	6	0	0	0	0	0	30	0	45	0	2	20	0	0	1	8	0	0	26	0	23	12	0	0	30	0	0	1	20	0	21	0	0	21	0	16	0	1	0	0	0	0	1	0	0	19	0	24	29	1	0	0	0	1	26	0	4	37	0	36	0	0	16	0	25	0	31	21	0	1	15	0	27	14	0	0	19	0	10	0	16	1	0	17	5	0	27	0	26	25	0	28	0	0	0	0	30	0	1	0	0
32177162	TGCAGTGTGATTTAGACCTGTGCTGTTGATATCAGTTAAGAGGTAGTACTTTTTTCTAGTTTCTGCCACTTAAAGGTTGGGTATGTAATTCGCTTTTTTGGCCATTTTTGCAAAATTACTTGAAATCCTTATCAT	5	0	15	0	13	0	0	2	0	5	0	2	0	0	0	0	2	18	0	0	12	0	7	1	0	0	22	1	21	22	10	0	2	15	0	13	0	0	10	7	0	0	18	1	0	0	26	0	39	4	0	0	24	0	0	9	0	3	0	11	17	0	21	0	0	8	16	10	4	1	24	0	16	6	21	0	0	14	0	24	0	20	9	3	0	0	0	10	2	0	0	0	14	0	0	1	19	12	12	21	0	0	4	0	3	5	0	12	8	13	3	0	0	0	0	21	13	13	18	0	7	10	0	1	2	21	23	0	0	0	25	20	11	18	13	12	28	0	9	0	5	0	4	0	30	0	20	0	13	0	8	19	18	0	4	0	0	0	0	0	25	0	42	0	1	20	0	0	0	3	0	0	25	0	16	6	0	0	16	0	0	0	14	0	29	0	0	13	0	5	0	0	0	0	0	0	2	0	0	3	0	20	19	0	0	0	0	0	27	0	5	22	0	39	0	0	10	0	19	0	11	13	0	0	20	0	27	9	0	0	15	0	5	0	13	0	0	12	6	0	21	0	25	20	0	9	0	0	0	0	13	0	0	0	0
32952231	TGCAGGATATATCCTGTGTGAATACTCATGACTCATGTCCTCTGATTACCAAGTTTGTCGTTGCGTCATTGGTATTGAATTCCAACCAATCTGTTATCAAAGCAATCGTAATAATTGAAATTGACGTGGTGTTTG	1	0	11	0	24	0	0	0	0	5	0	0	0	0	0	0	6	10	0	0	9	0	16	2	0	1	19	2	33	10	2	0	5	4	0	12	0	0	21	7	0	0	34	0	0	0	25	0	29	5	0	0	17	0	0	26	0	0	0	27	28	0	16	0	0	7	21	5	5	2	27	0	4	3	20	2	2	13	0	23	0	29	9	2	0	0	0	7	4	0	0	0	9	0	0	2	32	4	11	22	0	0	1	0	0	1	0	6	1	8	16	0	1	0	0	13	8	11	27	0	2	5	0	0	9	16	10	0	0	0	23	20	15	9	2	11	15	0	19	0	3	0	4	0	22	0	39	0	11	0	1	26	8	0	4	0	0	0	0	0	26	0	29	0	2	17	0	0	1	6	0	0	24	0	24	5	0	0	17	0	0	0	9	0	13	0	0	25	0	5	0	0	0	0	0	0	0	0	0	4	1	29	23	0	0	0	0	1	20	1	4	25	0	34	0	0	24	0	10	0	19	17	0	0	18	0	17	11	0	0	8	0	1	0	14	0	0	25	6	0	10	0	23	18	0	15	0	0	0	0	20	0	0	0	0
33588611	TGCAGAACTAGTCACCTCACCTGATCAGCTCAATGGAGCACAGATCTGTAATCTCGTGACGAATCCATACATGTGGGGAGACTTAGTATTTTAACGTACAAACTTCTAGGTTTCTACAACGCGTGTCAATTATAC	9	0	7	0	27	0	0	0	1	19	0	0	0	0	0	0	4	27	0	0	27	0	19	4	0	0	10	4	42	21	9	0	5	9	0	15	0	0	27	9	0	0	37	0	0	0	20	0	29	9	0	0	13	0	0	22	0	8	0	16	12	0	25	0	0	8	32	1	9	2	31	0	13	4	27	1	7	11	0	15	1	37	21	1	0	0	0	20	8	2	0	0	19	0	0	0	33	14	23	15	0	0	7	0	0	12	0	18	8	10	24	1	0	0	0	17	10	5	46	0	7	19	0	2	16	15	22	0	0	0	37	42	28	32	24	23	19	0	47	0	4	4	11	0	48	0	32	0	7	0	6	26	9	1	1	0	1	0	0	1	30	0	38	0	13	32	0	0	0	16	0	0	31	0	51	10	0	0	41	0	0	2	24	0	23	0	0	19	0	23	0	4	0	0	0	0	3	0	0	3	1	13	27	0	0	0	0	0	30	0	19	28	0	36	1	0	28	0	17	0	15	20	0	0	17	0	50	20	0	0	23	1	0	0	18	0	1	22	11	0	15	0	29	45	0	26	0	0	0	0	41	0	0	0	0
33645124	TGCAGTGACGATTTCTGCCCAAATAGGTGCAGCGCATCCAAAACACTCCTTATGTCGCCAGCGCCAGGAAAAGCCCAGATGGGAACAATGTGTCCACAGGGCCGACGTGGAGCCGTGATTCATCCTCGAGCAGAG	10	0	15	0	31	0	0	0	0	5	0	0	0	0	1	0	8	24	0	0	23	0	12	11	0	1	12	16	22	18	2	0	20	32	0	17	0	0	17	16	0	0	24	0	0	0	12	3	32	15	0	0	42	0	0	18	0	10	0	31	9	0	15	0	0	13	31	10	6	20	22	0	20	6	16	0	15	8	0	13	0	21	21	2	0	0	0	12	8	6	0	0	31	0	0	0	26	10	6	10	0	1	4	0	2	8	1	8	17	6	12	0	0	0	1	16	11	11	12	0	10	7	0	0	17	19	22	0	0	0	34	20	5	26	20	9	13	0	44	0	15	6	14	3	50	1	20	0	18	0	22	18	6	9	5	0	0	0	0	0	13	0	26	0	19	17	0	0	4	4	0	0	22	2	14	37	0	0	14	0	0	7	33	0	8	0	0	25	0	23	0	4	0	0	0	4	5	0	0	6	4	24	19	0	0	0	0	5	18	0	11	25	0	15	1	0	14	0	16	0	11	28	0	0	2	0	36	14	0	0	11	0	11	0	36	0	0	13	9	0	33	1	17	25	0	9	0	0	0	3	21	1	0	0	0
33743746	TGCAGCTCCGCCTGGTCGGCGGGCCGCGGCAGGTTGAGCCCCTGGTCCGAGTGGTAGCGGTTAATCCCGCTACGAATGCTCTCGCTGTACGACATAGACAGCATCTTGCCGCTGCTGCCGCTGCTGACGCTCCTT	7	0	12	0	12	0	0	3	2	0	0	0	0	0	0	0	4	9	0	0	15	0	23	11	0	0	16	6	10	9	9	0	4	6	0	9	0	0	13	6	0	0	22	0	0	0	19	0	42	9	0	0	20	0	0	7	0	9	0	16	13	0	6	0	0	9	13	8	9	17	20	2	13	14	6	1	11	5	0	14	0	23	24	3	0	0	0	12	7	0	0	0	9	0	0	0	24	1	11	23	0	0	1	0	0	8	0	15	11	10	10	0	0	0	0	5	11	26	14	0	12	17	0	0	16	18	16	0	0	0	19	11	11	10	17	22	21	0	25	0	15	0	10	0	20	0	0	0	25	0	19	30	8	6	7	0	0	3	0	0	16	0	21	0	7	6	0	0	1	4	0	0	9	0	17	15	0	0	12	0	0	1	14	0	23	0	0	16	0	11	0	0	0	0	0	0	1	0	0	4	1	8	18	0	0	0	0	0	7	0	13	19	0	9	0	0	17	0	16	0	13	8	0	0	14	0	10	6	0	0	7	0	9	0	10	0	0	13	11	0	8	0	20	21	0	22	0	0	0	1	20	0	0	0	0
33761953	TGCAGCACCTAACTCCATGACATCAGGTACTCTTGCAACCAGCAGATACTCAGGTCTCTGGCTGAGTTCAGAGATCATTCTTCCCAGCATCAGAACTCCTCCCCCAGGTGTCAAGGGGTCATCAGCAACAGGTGT	3	0	15	0	37	0	0	0	0	12	0	4	0	0	0	0	7	24	0	0	8	0	22	2	0	0	8	7	17	21	5	0	2	10	1	18	0	0	18	14	0	0	22	0	0	0	16	0	20	13	0	0	36	0	0	3	1	9	0	39	17	0	18	0	0	0	9	9	3	9	23	0	16	6	22	0	7	5	0	11	0	15	13	0	0	0	0	14	5	0	0	0	32	0	0	0	33	3	12	10	1	0	0	0	0	11	0	9	15	5	12	0	0	0	0	12	3	2	14	0	10	7	0	3	18	14	14	0	0	0	27	0	0	16	21	11	19	0	22	0	7	0	6	0	28	0	19	0	0	0	19	20	12	6	0	0	0	3	0	0	21	0	29	2	22	22	0	0	1	2	0	0	12	0	27	32	0	0	18	1	0	3	2	0	16	1	0	21	0	0	0	0	0	0	0	0	0	0	0	0	0	11	10	0	0	0	0	0	5	0	10	31	1	13	0	0	13	0	19	0	14	10	0	0	16	0	10	17	1	0	13	0	5	0	25	0	0	17	14	0	22	0	23	14	1	11	2	0	0	0	8	0	0	0	0
34009263	TGCAGTGGATTCATCACAAGCGTCTTCTGTTCCAACAAGAGACAATAGAGTATCAACTGCTTCTACAGATGTTACAATGACAACAGCATCAAAGAGGACAACTACAAATTCTGAAACAGGTACTCATGGAATAAG	3	0	5	0	39	0	0	0	2	3	0	1	0	0	0	0	0	12	0	0	21	0	19	0	0	0	36	3	54	21	3	0	13	4	0	28	0	0	17	16	1	0	48	0	0	0	37	0	1	6	0	0	15	0	0	25	0	12	0	25	11	0	21	0	0	22	28	9	8	5	28	0	9	0	28	0	7	13	0	27	0	30	21	0	0	0	0	23	2	2	0	0	21	0	0	0	45	11	24	9	0	0	7	0	0	8	0	21	11	9	31	0	0	0	0	38	13	7	38	0	0	5	0	1	5	14	27	0	0	0	38	35	20	1	21	19	30	0	39	0	7	0	14	0	0	0	0	0	13	0	21	39	10	2	7	0	1	2	0	0	0	0	45	0	12	29	0	0	0	15	0	0	33	0	44	8	0	0	33	0	0	0	5	1	0	0	0	40	0	10	0	1	0	0	0	0	3	0	0	5	0	33	32	0	0	0	0	0	29	0	5	15	0	34	1	0	23	0	18	0	20	17	0	0	29	0	32	25	0	0	18	0	3	0	17	0	1	30	13	0	21	0	38	24	1	21	0	0	0	0	48	0	0	0	0
34264601	TGCAGGCCAAACCCCATCTACCTCTGTGCCTCCTCCTGCTGGCCGAAACAACGCCTGCCTCACTCCAGCCGCAACACCAGACAGCGGCCCCCAACTACTCACCCACGCCTAACCTCAGCAGACGCGCCTTTCCAG	18	0	39	0	75	0	0	0	2	20	0	7	0	0	0	0	14	41	0	0	31	0	44	29	0	22	39	14	71	35	8	0	16	24	1	36	0	0	23	8	0	0	85	0	0	0	61	5	94	13	0	0	40	0	0	39	0	8	0	34	33	0	29	0	0	28	50	35	17	22	54	0	37	15	48	3	6	33	0	30	1	52	24	2	0	0	0	35	3	2	0	0	51	0	2	0	70	21	28	37	0	18	7	0	0	15	0	8	20	31	38	1	0	0	0	28	35	23	75	0	17	25	0	0	14	38	48	0	0	0	15	94	28	15	26	37	86	0	70	0	27	0	12	0	37	0	85	0	57	0	30	46	49	10	14	0	1	1	0	1	59	0	67	0	27	63	0	0	0	20	0	0	53	0	90	16	0	0	63	0	0	3	25	0	36	0	0	56	0	11	0	0	0	0	0	0	1	0	0	11	0	38	49	0	0	0	0	3	40	2	25	60	0	56	2	1	34	0	54	0	24	34	0	0	28	1	62	11	0	29	36	2	4	0	30	0	5	53	25	19	44	0	51	22	0	55	0	0	0	0	32	0	0	0	0
34531898	TGCAGCGAGACATCAGCAACTGCTGTGTGGAACGCAAACACACAGGGCAGAACCACAAAGATATACACTCACACAGACACACACACACACATACACACACAAACACTATATACACAAACACTCTAGCCTGTGACA	2	0	21	0	45	0	0	0	2	8	0	3	0	0	0	0	4	35	0	0	34	0	19	21	0	0	17	9	25	28	10	0	11	11	0	9	0	6	38	23	0	0	33	31	0	0	7	2	51	14	0	0	57	0	0	35	0	15	0	37	25	0	17	0	0	16	41	1	16	10	31	0	12	16	31	1	8	14	0	42	0	40	22	0	0	0	0	28	14	0	0	0	19	0	0	0	32	6	19	21	0	0	4	0	0	15	0	11	15	5	15	0	0	0	0	26	25	17	40	0	2	15	0	0	14	25	36	0	0	0	25	37	20	44	18	6	27	0	49	0	11	1	11	0	24	0	0	1	16	0	17	40	9	5	10	0	0	0	0	0	42	0	41	0	14	22	4	0	1	16	0	0	25	0	54	21	0	0	29	0	0	1	28	1	21	1	0	31	0	13	0	1	0	0	0	0	0	0	0	11	3	23	14	0	0	1	0	0	29	0	20	41	0	27	4	0	27	0	41	0	16	19	0	0	19	0	28	37	1	0	16	1	8	0	19	0	1	28	8	0	43	0	35	11	0	27	0	0	0	0	30	0	0	0	0
34596760	TGCAGGCAAAAGGAACGTATAAAGACATGCAAAACAACTGCATAGAGTCATCATTAAATGTATAGTTTGGTTGACGACGTCAACTTGACGACAATATGTACTCCCACCTGGAGTCACAGTCAGTGGCGTTTGACC	4	0	5	0	37	0	0	0	0	6	0	0	0	0	0	0	2	32	0	0	20	0	27	3	0	0	24	2	21	24	8	0	6	3	0	15	1	0	25	9	0	0	33	0	0	0	15	0	37	15	0	0	18	0	0	10	0	16	0	19	17	0	26	1	0	21	30	15	9	1	22	0	18	6	18	2	1	19	0	17	0	27	11	1	0	1	0	23	1	5	0	1	17	0	0	2	45	2	6	40	0	1	11	0	0	8	0	5	7	9	11	0	0	0	0	20	9	6	33	0	1	4	0	0	12	26	36	0	0	0	9	42	20	22	12	20	34	0	38	0	3	6	1	0	33	0	37	0	21	0	25	40	4	1	2	0	0	4	0	0	24	0	37	0	4	26	0	0	1	10	1	0	35	0	41	4	0	0	30	0	0	0	12	0	30	0	0	18	0	9	0	0	0	0	0	0	1	0	1	6	0	28	23	0	0	0	1	0	18	0	8	23	0	28	1	0	19	0	19	0	8	12	0	0	7	0	27	14	0	0	6	0	5	1	10	0	0	34	4	1	28	0	38	31	0	14	0	0	0	0	34	0	0	0	2
34739115	TGCAGTGTTGAGGTCCACAGTGCCGCTCTCCGACGTTTCGTTCATTTGTCTGCGGAAGATAATTTCTTGCTTCCTCCCTTCCTTCTTTTTTCTTCTTGCAGTAAAACTAAAAACGCCCAAAATAAGTATTGTTCA	7	0	14	0	33	0	0	0	0	3	2	1	0	0	0	0	5	29	0	0	8	0	17	9	0	0	16	7	23	27	9	0	22	5	0	12	0	1	15	8	0	0	29	17	0	0	16	0	30	4	0	0	22	0	0	23	0	12	1	38	15	0	8	0	0	10	9	6	9	7	24	0	6	11	13	1	5	14	0	20	0	27	21	1	0	0	0	17	7	4	0	0	42	0	0	4	33	9	3	4	0	0	9	0	0	4	0	15	12	12	9	0	0	0	0	17	8	7	24	0	8	4	0	0	9	12	25	0	0	0	15	26	24	15	14	8	18	0	42	0	1	2	13	0	13	0	1	0	16	0	7	34	14	6	5	0	2	1	0	0	14	0	22	0	28	19	0	0	0	19	0	0	19	0	28	15	0	0	18	0	0	0	15	0	7	0	0	21	0	10	0	2	0	0	0	3	4	0	0	6	0	7	21	0	0	0	0	2	17	0	11	31	0	20	0	0	4	0	34	0	13	13	0	0	20	0	22	14	0	0	10	1	5	0	15	0	0	26	6	0	22	0	26	16	0	17	0	0	0	0	31	0	0	0	1
34822711	TGCAGGAATTTGTTCAAAGGAAATTGGACATTCCTGCCGTGCTGCTAAACTATTGCTACTCGTATTATTATTACTGGACAGAACAATACGTTCCTCTGGTAGTTGCACTTCCAGGAATCACTGGAGCAGCTAAAG	18	0	5	0	21	0	0	0	1	6	0	0	0	0	1	0	0	13	0	0	16	0	17	16	0	0	20	6	39	13	14	0	14	11	0	7	0	0	16	17	0	0	49	0	0	0	16	0	33	11	0	1	25	0	0	22	0	10	0	30	16	0	6	0	0	29	28	5	7	7	27	0	14	16	31	4	12	5	0	27	0	26	14	1	0	0	0	17	4	0	0	0	25	0	0	0	26	7	20	19	0	0	6	0	0	6	0	12	17	10	6	0	0	0	0	6	18	12	17	0	4	4	0	1	27	15	13	0	0	0	19	21	12	29	13	15	22	0	30	0	6	0	4	0	35	0	21	0	10	0	13	38	4	8	1	0	0	2	0	0	25	0	25	0	11	16	0	0	1	17	0	0	22	0	15	18	0	0	17	0	0	1	11	0	12	0	0	21	0	15	0	1	0	0	0	0	4	0	0	5	0	10	13	0	0	0	0	1	14	0	13	27	0	17	0	0	26	0	13	0	4	24	0	0	18	0	14	12	0	0	6	0	3	0	30	0	4	24	4	0	23	0	33	23	0	24	0	0	0	0	18	0	0	1	0
34871101	TGCAGTCTTTATAAATGCAGCTCTGGGTTCACACGAGTGCATCCAGACCTTACCTGGAAGGGTCAGTTCAGAAGCAGGCCCCTTGAAAGACAGATGATAGTAAGGAGTTTTTCATTGGGTCTGGCATGGGGAGCG	4	0	13	0	25	0	0	0	4	7	0	0	0	0	0	0	8	33	0	0	10	0	10	12	0	0	12	5	26	3	12	0	7	2	0	13	0	0	12	4	1	0	34	0	0	0	13	0	29	3	0	0	31	0	0	14	0	2	1	27	15	0	24	0	0	9	20	12	10	9	23	0	13	11	18	0	8	9	0	15	0	32	31	1	0	0	0	22	4	4	0	0	14	0	0	2	69	16	12	28	0	0	6	0	0	3	0	13	12	7	9	0	0	0	0	40	1	10	37	1	5	8	0	1	14	9	14	0	0	0	19	24	28	0	14	16	23	0	23	3	9	0	13	1	0	0	0	0	12	0	6	37	7	1	0	0	0	0	0	1	28	1	35	0	10	22	0	0	1	12	0	0	20	0	39	20	0	0	29	0	0	1	18	0	12	0	0	26	0	6	0	0	0	0	1	0	1	0	0	0	0	13	12	0	0	0	0	0	25	0	5	28	0	34	0	0	12	4	14	0	20	6	0	0	26	0	35	11	0	0	21	0	7	0	22	0	2	25	2	0	19	0	41	21	0	7	0	0	0	0	34	0	0	0	0
34897957	TGCAGAGATGTTTGACTACCTCAGTGACCTCCACCAGGGAAATTGACGACGAAACACCATCAACCTCGAGCTCTGCCTCCAACATAGAGGGCGTTAGGGCTGTCACTTTTTCCAAAAATGAAATTCGAACGAATT	7	1	11	0	30	0	0	1	0	11	0	2	0	0	0	2	3	40	0	0	18	0	16	6	0	0	24	2	33	16	8	0	10	13	33	10	25	4	46	9	1	0	41	0	0	1	19	3	18	3	0	5	21	0	0	42	0	13	0	20	12	0	16	0	10	19	18	8	3	9	28	0	17	0	30	3	3	6	0	19	0	38	18	0	53	0	0	42	7	5	0	30	10	0	0	0	23	4	16	21	15	1	2	0	10	12	0	12	32	2	20	0	0	0	0	32	7	5	27	3	5	6	14	0	9	27	28	1	0	0	18	37	16	22	10	8	31	2	36	0	1	6	15	0	22	0	26	0	17	0	17	33	13	4	11	0	0	3	2	0	30	0	17	17	20	46	0	0	0	12	2	0	13	1	58	24	0	0	29	0	0	0	16	0	32	0	0	34	0	12	0	2	6	0	0	0	2	0	0	5	2	31	24	0	0	0	0	1	27	4	6	34	5	24	2	0	20	0	23	5	22	15	0	0	20	0	26	21	0	0	18	0	5	0	20	0	7	25	4	35	19	14	50	23	0	17	0	0	0	3	71	0	0	0	0
34924287	TGCAGTTCTGCAAATCTTGCCTATTTCCCCAAAACATTTTCCTTCTAGGTCTCCATAACCTCAAAAGAAAGCGATACAGTTGGAGGGGATACAAACAAACACGCTCAGCCCCTTCCCAAATACACATAAACAAAA	10	0	5	0	27	0	0	0	0	15	0	1	0	0	0	0	0	21	0	1	23	0	21	6	0	0	28	9	20	17	3	0	14	20	0	10	0	1	39	14	0	0	22	0	0	0	35	0	39	9	0	0	25	0	0	30	0	15	1	27	9	0	16	0	0	11	20	8	3	12	22	4	18	8	18	0	7	13	0	32	0	39	21	0	0	0	0	20	5	6	0	1	9	0	0	0	56	11	15	9	0	0	7	0	0	12	0	12	19	5	14	0	0	0	0	17	10	8	38	0	5	6	0	0	13	14	27	0	0	0	31	28	18	17	19	20	18	0	30	0	8	2	12	0	36	0	41	0	16	0	14	12	6	2	11	0	0	0	0	0	26	0	37	0	7	20	0	0	3	8	1	0	22	0	13	22	0	0	14	0	0	1	14	1	16	0	0	13	0	11	0	2	0	0	1	0	3	0	0	5	0	10	15	0	0	0	0	0	28	0	17	42	0	22	0	0	14	0	20	0	11	30	0	0	12	3	28	17	0	0	19	0	5	0	23	0	1	33	6	0	24	0	33	21	0	9	0	0	0	0	21	0	0	0	0
35606672	TGCAGTGGAAGATGAGGTAGAAACGCTGAATGAAGTCCTTCCTGTACTTGTTGCATAAGTACCTGTTTCCGATTTGGTAGTTGTCATCTTTGATGCTGATGTGATATTCACGTTTGTAGAAGCAGTAGATTCTCT	5	0	21	0	27	0	0	0	2	8	0	5	0	0	0	0	3	43	0	0	38	0	69	2	0	0	56	24	70	19	7	0	13	19	0	38	0	0	51	6	0	0	74	57	0	0	41	0	51	5	0	0	24	0	0	29	0	14	0	40	21	0	22	0	0	29	54	15	12	0	67	0	27	2	51	2	13	12	0	44	2	70	16	0	0	0	0	39	6	6	0	0	29	0	0	0	66	21	29	20	0	0	1	0	0	12	1	8	22	10	30	0	0	0	0	37	19	21	74	0	7	12	0	0	5	38	56	0	0	0	48	56	28	42	28	53	48	0	74	0	11	0	10	0	62	0	0	0	22	0	18	49	7	1	2	0	0	4	0	0	70	0	73	0	16	16	0	0	4	3	1	0	53	0	31	4	0	0	53	0	0	1	35	0	35	0	1	52	0	15	1	0	0	0	1	0	3	0	0	3	0	55	44	0	0	1	0	0	47	0	6	40	1	52	2	0	39	0	46	0	23	28	0	0	46	0	41	42	0	0	38	0	1	0	20	0	1	68	2	0	5	0	74	44	1	38	0	0	0	0	66	0	0	0	1
35783985	TGCAGTTGAAGATGATTGAGCACTTCTGACTGAAGTCAAAACTTTACTTTTCGTATCAGTTCCTGTTACAGATTTCGTAGTTGTCATCTTTGATTCAGATGTCATGGTCACATTCGTAGAAGCAGTAGATTCTCT	2	0	12	0	21	0	0	0	1	8	0	2	1	0	1	0	3	18	0	0	28	0	7	2	0	0	20	4	27	22	2	0	8	12	0	19	0	0	38	5	0	0	44	23	0	0	10	0	13	0	0	1	13	0	0	15	0	8	0	12	12	0	26	0	0	21	32	5	4	3	21	1	10	7	28	1	5	8	0	25	0	25	8	0	0	0	0	19	1	2	1	0	14	0	0	0	44	15	14	9	0	0	3	0	0	6	0	19	10	12	15	0	1	0	0	23	9	10	42	0	0	4	0	1	3	22	39	0	0	0	41	47	21	0	19	29	16	0	47	0	3	0	4	0	0	0	0	0	7	0	5	21	7	0	7	0	0	0	0	0	44	0	54	0	16	21	1	0	2	3	0	0	23	0	35	4	0	0	16	0	0	0	11	0	10	0	0	37	0	10	0	0	0	0	0	0	1	0	0	11	0	33	31	0	0	0	0	0	32	1	14	34	0	28	2	1	40	0	17	0	23	26	0	0	19	0	28	18	0	0	29	1	1	0	23	0	0	35	0	0	12	0	27	24	0	27	0	0	0	0	42	0	0	0	0
36177888	TGCAGTGCACACACATCGCGAGTGACGGATACTCGCACAATGTACACACATCACTGTCTTTACAATTTCTAGGCAACCGAAGTTTAAAGATTGTCAAGTGGTTAACTCAGGCCCGTCGCGAGAAGGCAAGCAAAC	3	0	14	0	39	0	0	0	1	4	0	0	0	0	0	0	11	42	0	0	29	0	18	7	0	0	20	0	27	10	6	0	11	10	1	11	0	4	48	20	0	0	40	0	0	0	29	0	31	15	0	0	23	0	0	36	1	18	0	15	8	0	20	1	0	16	35	8	15	15	27	1	10	5	30	0	0	9	0	41	0	36	21	2	0	0	0	21	6	1	0	0	29	0	1	0	50	10	16	12	0	0	4	0	1	14	0	9	11	21	15	0	0	0	0	26	9	8	39	0	5	11	0	0	16	22	55	0	0	0	26	50	13	33	18	16	34	0	52	0	6	2	7	0	36	0	0	0	30	0	27	31	14	3	1	0	0	12	0	0	34	0	43	0	13	15	0	0	0	6	0	0	32	0	40	16	0	0	17	0	0	0	17	0	23	0	0	36	0	17	0	2	0	0	0	0	0	0	0	11	1	10	27	0	0	0	0	2	34	0	6	29	1	40	0	0	13	0	20	0	20	28	1	0	37	0	43	20	0	0	14	0	5	0	32	0	0	33	9	0	26	0	46	38	0	27	0	0	0	0	16	0	0	0	0
37425740	TGCAGATAATATTGGTTCCACAACAGAAAAAACTCAAAAAACATCACTAGTTACAAATAAACCAGCAGAATCTTCATCTCTTTCCACAGCAGCTGTTTCATCACAAACTCCTGCAATTTCAACAACAGACAATAG	8	0	27	0	53	0	0	0	6	11	0	5	0	0	0	0	9	54	0	0	47	0	58	5	0	0	69	9	101	54	25	0	27	34	2	50	0	0	73	22	0	0	110	42	0	0	58	0	76	26	0	0	35	0	0	60	0	9	0	54	49	1	43	0	0	33	84	15	14	9	99	0	35	9	80	2	6	31	1	95	0	100	37	2	0	0	0	70	13	10	0	1	36	0	0	0	139	19	51	39	0	0	9	1	1	38	0	32	20	26	34	0	1	0	0	68	34	29	101	0	7	10	0	1	12	54	100	0	0	1	69	104	61	32	43	56	54	0	145	0	9	5	24	2	92	1	1	0	31	0	22	93	39	2	8	0	0	0	0	0	72	0	88	0	24	65	0	0	6	12	0	0	60	0	94	17	0	0	73	0	0	0	40	1	44	0	0	71	1	56	0	0	0	0	0	0	3	0	1	7	5	64	81	0	0	0	0	4	68	0	21	92	0	63	2	0	62	0	45	0	41	50	0	1	54	0	99	53	4	0	55	0	7	0	26	0	2	57	11	0	19	0	80	60	5	55	0	0	1	0	72	0	0	0	1
37622366	TGCAGACAGACGCACAATGTCAACCCCCTGAATGGAAGAGACAAAATGGGCACCCCATTTCAGCCCCACCGTGATTTGCACATTTTAAAAAGGCTTCTGCCTCAACAAAACATGAATATAATCAGGCCTTTCTCA	5	0	15	0	26	1	0	0	0	12	0	3	1	0	1	0	6	41	0	0	23	0	19	5	0	0	22	8	39	26	5	0	16	15	1	9	0	0	24	8	0	0	39	11	0	0	23	0	45	4	0	0	22	0	0	28	0	7	0	27	11	0	29	0	0	9	22	9	13	4	21	0	12	7	20	0	6	10	0	24	0	25	8	3	0	0	0	18	1	6	0	0	20	1	0	0	38	13	14	25	0	0	1	0	0	14	1	15	9	14	16	0	1	0	0	16	11	7	29	1	8	17	0	0	10	17	18	0	0	0	20	32	13	16	22	10	12	0	28	0	3	0	2	0	41	0	0	0	18	0	13	24	4	1	4	0	1	0	0	0	19	0	24	0	9	13	0	0	2	5	0	0	25	0	16	11	0	0	18	0	1	0	19	0	22	0	0	22	0	12	0	0	0	0	0	0	1	0	0	4	0	23	6	0	0	0	0	0	19	0	12	31	0	29	1	2	18	0	23	0	15	30	0	0	26	0	33	13	0	1	14	0	1	0	11	0	1	33	4	0	23	0	22	16	0	18	0	0	0	0	30	0	0	0	0
37863167	TGCAGGCTCATCGCACGCTGTTGGTGCTACAATTCTTGGAACTGCCATATTGTACAGATAATAGTAAATGTATTCCAGATGTAAAGATTCTAGGTGTACTCCCATTTTCGGATCTGACCTTGATGATTTATTGTT	2	0	20	0	32	0	0	0	1	4	0	3	0	0	0	0	1	19	0	1	29	0	35	1	0	0	22	8	34	14	11	0	16	11	0	10	0	2	24	8	0	0	40	0	0	0	19	0	29	5	0	0	14	0	0	20	0	7	0	32	17	0	37	0	0	20	35	8	13	8	25	0	9	10	31	0	5	7	0	30	0	40	9	4	0	0	0	28	3	5	0	0	20	0	0	0	46	16	12	21	0	0	8	0	0	13	0	15	17	6	13	0	0	0	0	19	14	13	34	0	6	7	0	0	7	26	20	0	0	0	22	18	18	26	11	13	15	0	48	0	1	1	6	0	35	0	0	0	18	0	10	44	9	2	4	0	0	0	0	0	26	0	31	0	11	26	0	0	1	3	0	0	17	0	27	7	1	0	42	0	0	0	21	0	26	0	0	25	0	7	1	0	0	0	0	0	1	0	0	4	1	24	24	0	0	0	0	1	30	0	1	23	0	31	3	0	22	2	19	0	19	8	0	0	28	0	27	17	0	1	20	0	5	0	15	0	0	34	7	0	10	0	48	26	1	25	0	0	0	0	36	0	0	0	1
38835760	TGCAGTCTGGGGTCCAAGCTCTGCGATGTGTTTCCACCTGTGTTAGATAGATGCAGCCCTTCATGTTCGGGCCGCTCAGACTTCTATTTTACTTTGGTCACCTCTGCTGACCAGGTCGTAGTGCACCATCTGTCT	0	0	15	0	28	0	0	0	0	7	0	0	0	0	0	0	8	38	0	1	26	0	27	7	1	0	12	10	38	24	7	0	25	11	0	21	1	1	40	22	1	15	35	0	0	0	23	0	36	6	13	0	30	0	1	25	0	9	0	25	15	0	14	0	0	13	47	18	7	8	44	3	8	7	20	0	6	19	0	38	0	35	23	1	0	0	0	28	9	1	0	0	20	0	0	0	39	12	0	21	0	0	12	0	1	24	0	10	22	7	21	0	4	0	0	21	11	11	37	0	3	5	0	0	8	24	14	0	0	0	52	25	13	11	25	10	27	0	37	0	15	0	11	2	44	0	1	0	29	0	14	37	12	6	5	0	0	1	0	0	26	0	27	0	16	15	0	0	0	8	0	0	36	0	37	10	0	0	24	0	0	0	15	0	24	0	0	22	0	11	0	1	0	0	10	0	1	0	0	7	0	17	28	0	0	0	0	3	37	0	18	30	1	24	1	0	32	0	20	0	9	24	0	0	24	0	46	12	0	0	16	0	8	0	26	0	1	14	15	0	20	0	41	23	0	16	0	0	0	0	28	0	0	0	0
39447140	TGCAGACCAACCCCCATCTACCTCTGCGCCTCCTCCTGCTGGCAAAAACAACGCCTGTCTCACTCCAACCGCAACACCAGACAGCGGCCCCCAACTGCTCACCCACGACTAATCCCAGCAGACGCGCCTTTCTAG	8	0	17	0	34	0	0	0	2	10	0	4	0	0	0	0	15	31	0	0	22	0	12	10	0	0	20	15	46	8	2	0	13	12	0	13	0	0	27	11	0	0	43	19	0	0	22	0	35	8	0	0	39	0	0	20	0	27	0	13	15	0	11	0	0	16	39	8	9	9	30	0	11	0	18	7	7	12	0	27	0	24	26	2	0	0	0	28	3	0	1	1	20	0	0	0	20	18	16	6	0	0	5	0	0	6	0	16	14	8	25	0	0	0	0	22	20	16	26	0	5	12	0	2	9	26	19	1	0	0	32	20	21	17	9	17	22	0	55	1	9	0	10	0	33	0	0	0	12	0	19	33	22	11	11	0	0	1	0	0	16	0	20	1	20	18	0	0	0	11	0	0	36	0	32	18	0	0	25	0	0	0	6	0	18	0	0	40	0	12	0	0	0	0	0	0	0	0	0	4	1	20	16	0	0	0	0	0	6	0	9	39	1	30	1	0	0	0	21	0	28	27	0	0	14	0	30	13	0	0	12	0	4	0	18	0	0	32	14	0	13	0	42	10	0	9	0	0	0	0	0	0	0	0	1
39491318	TGCAGAAGCCGCTGTGAGCATCGTAAAGAAGGCGCTCCAGAGTCTTGGGAAGGAGTCTGGATTGAGTTACAGTGAGTCTCACACAGCCCTGTACTTGGCAGCCAACCTTGCGAATGAGCGTCCAATTGATGCAAG	7	0	11	0	23	0	0	0	0	5	0	0	0	0	0	0	6	26	0	0	16	0	8	21	0	0	17	10	34	26	14	0	15	17	0	9	0	0	35	5	0	0	33	0	0	0	22	0	33	13	0	0	30	0	0	20	0	20	0	31	17	0	13	0	0	24	55	8	6	17	21	0	12	21	35	0	13	8	0	21	0	29	8	6	0	0	0	16	10	0	0	0	28	0	0	0	41	17	14	26	0	0	4	1	0	14	0	6	26	6	23	0	0	0	0	13	18	30	25	0	5	15	0	1	17	22	27	0	0	0	17	32	14	33	10	26	30	0	71	0	10	4	13	0	29	0	33	0	13	1	25	19	11	8	7	0	0	2	0	0	31	0	36	0	18	14	0	0	0	12	0	0	29	0	36	16	0	0	30	0	0	0	18	1	24	0	0	35	0	9	0	0	0	0	0	0	2	0	1	14	0	32	16	0	0	0	0	0	19	0	18	21	0	53	1	0	44	0	43	0	12	18	0	0	26	1	39	17	0	0	17	0	9	0	13	0	0	17	4	0	20	0	22	22	0	32	0	0	0	0	35	0	0	0	1
40296082	TGCAGTAGGGTCTCTACCCCTACTGGAACCCGCGGCCCAGTTGTCCTGGACATGGGGCCTCGGGCTCCTGAGGGGCCCTAACCAGACCAGATTGCTCCTTACCTTAAGCAGGGGAGTGAAAATCTGAATTATTCA	4	0	12	21	39	0	0	0	0	9	0	3	0	0	0	0	15	12	0	0	8	0	17	24	0	0	13	10	28	22	2	0	23	2	0	12	0	0	17	5	0	0	15	0	0	0	20	18	31	6	0	1	20	0	0	21	0	7	0	19	7	0	16	0	0	3	13	14	2	7	25	1	21	8	17	0	6	11	0	18	0	44	9	0	1	1	0	25	8	0	1	2	24	0	4	0	21	7	9	10	0	0	0	0	0	14	0	8	7	9	23	0	0	0	0	24	8	7	27	0	10	6	0	1	6	25	15	0	0	0	21	29	21	15	21	18	34	0	23	0	5	1	7	0	48	0	37	0	28	0	21	17	5	15	5	0	0	3	0	0	30	0	26	0	11	15	0	0	0	6	0	0	26	0	38	20	0	0	18	0	0	0	12	0	21	0	0	15	0	5	0	0	0	0	0	0	0	0	0	11	2	12	7	0	0	0	0	0	15	0	17	30	0	16	0	0	6	1	22	0	18	9	0	0	15	0	23	7	0	0	20	0	3	22	10	0	0	26	7	0	22	0	29	18	0	6	1	1	0	0	16	0	0	0	0
40397584	TGCAGGGTGTGTGTGCCTGTACTAGCGATGTGTGTGTGTGTCTCCTGACCCCGTGCACCCTCCTCCACCTCCAGGTCTGATGGGCATGCAGTCGGAGTCCCCCCAGCAGACCCACACCTCCTGCCCCTACCAACA	16	1	12	0	33	0	0	0	1	3	0	0	0	0	0	0	6	30	0	0	17	0	19	13	0	0	14	13	33	8	13	0	11	10	0	14	0	0	21	16	0	0	28	24	0	0	21	1	24	8	0	0	36	0	0	18	0	11	0	21	6	0	10	0	0	23	19	14	8	12	19	0	7	17	6	1	3	12	0	15	0	18	21	5	0	0	0	8	3	0	1	0	30	0	0	0	37	10	13	16	0	0	7	0	0	8	0	10	14	2	18	0	3	0	0	18	10	14	29	0	9	20	0	1	15	18	20	0	0	0	13	29	18	25	10	14	29	0	36	0	7	0	8	0	26	0	0	0	28	0	29	26	6	12	16	0	0	0	0	0	24	0	36	0	9	18	0	0	0	11	0	0	8	0	24	25	0	0	26	0	0	0	10	1	27	0	0	21	0	23	0	0	0	0	0	0	0	0	0	5	0	2	20	0	0	0	0	2	18	0	13	24	0	30	1	0	23	2	33	0	8	10	0	0	21	0	26	9	0	0	23	0	6	1	19	0	0	17	10	1	24	0	18	24	0	14	0	0	0	0	26	0	0	0	0
40584030	TGCAGAGGATTCATCACAAACGTCTTCTGTTCCAACAACAGATAATAGAGAATCTACTGCTACTACAAATTTGACCATGACATCAGCATCAAAGATGACAACAATGACATCTGCAACAGGAACTGATATAAAAAG	3	0	7	0	23	0	0	0	10	10	0	0	0	0	1	0	2	21	0	0	14	0	17	0	0	0	10	1	33	35	2	0	11	13	0	11	0	0	19	4	1	0	49	12	0	0	8	0	31	3	0	0	23	0	0	17	0	0	3	13	12	0	18	0	0	8	42	4	7	0	32	0	13	1	31	1	7	9	0	19	0	42	6	2	0	0	0	13	3	2	0	0	8	0	0	0	39	17	15	15	0	2	5	0	1	9	0	12	7	10	12	0	1	0	0	19	7	7	33	0	3	1	0	1	7	21	33	0	0	0	14	46	36	28	6	37	28	0	41	0	3	1	1	0	41	0	0	0	6	0	11	27	5	0	5	0	0	2	0	0	32	0	40	0	9	28	0	0	0	1	0	0	21	0	37	4	0	0	25	0	0	0	15	1	32	0	0	22	1	3	0	0	0	0	0	0	0	0	1	0	0	27	16	0	0	0	0	0	24	0	2	40	0	22	0	0	11	0	10	0	22	28	0	0	15	2	17	25	0	0	28	0	3	0	20	0	0	0	2	0	14	0	31	28	0	22	0	0	0	0	42	0	0	0	0
43176356	TGCAGGGGTCCTGGCAAAGTGCTGCCCAGCATCTACCTGCTACCCCCACAGAGTGTGTGTGCACACGAGGGTGCACACACACACTCGTGTATGCATGTATAGACCTGTGCGTGTGCTCCGATCATGTGTAGGAGG	5	0	26	0	32	0	0	0	1	4	0	1	0	0	0	0	12	10	0	0	13	0	23	11	0	0	17	18	38	25	8	0	32	13	0	11	1	0	18	7	0	0	39	11	0	0	26	0	44	12	0	0	23	0	0	27	0	17	0	42	21	0	9	0	0	9	30	4	7	14	17	1	13	11	20	0	10	19	0	25	0	25	16	3	0	0	0	17	6	0	0	0	27	0	0	0	47	3	10	11	0	0	4	0	0	14	0	8	19	0	18	0	0	0	0	17	9	7	24	0	11	15	0	1	12	16	23	0	0	0	18	38	25	0	13	27	14	0	33	0	13	0	9	0	0	0	0	0	25	0	14	27	10	15	11	0	0	2	0	0	28	0	27	0	12	11	0	0	0	10	0	0	36	0	43	22	0	1	29	0	0	2	13	0	18	0	0	27	0	12	0	0	0	0	0	0	5	0	0	18	1	6	17	1	0	0	0	4	21	0	12	38	0	23	1	0	26	0	31	0	9	25	0	0	8	0	37	8	0	0	15	0	23	0	22	0	0	23	9	0	40	0	19	24	0	11	0	0	0	0	23	0	0	0	0
44591898	TGCAGTGGAGAACACACGCTCGGGCGTAGATGAAGCTTGAACGCATAAATATGGGAACACAGAGTGGAGGCACGGCCGCCGTGAGGGACTCTTGACAGGTAGGGCGTAAAAGATTAGAGTGGGATTTGTCCTGAG	5	0	16	0	26	1	1	0	0	6	0	7	0	0	0	0	10	25	0	0	17	0	26	11	0	0	22	9	32	13	11	0	9	8	0	24	0	0	12	18	1	0	47	0	0	0	24	0	46	5	0	0	45	0	0	38	0	4	0	23	26	0	12	0	0	11	38	18	8	4	33	0	16	5	18	1	1	8	2	30	1	36	16	4	1	0	0	18	7	1	0	1	13	0	1	0	48	13	14	32	0	0	6	0	0	14	0	16	49	1	17	0	0	0	0	25	16	8	40	0	5	14	1	0	4	16	35	0	0	0	32	39	16	0	23	15	48	0	42	0	3	1	6	0	0	0	42	0	12	0	21	24	3	10	5	0	0	5	0	0	28	0	41	0	16	32	0	0	0	21	1	0	27	0	31	26	0	0	26	0	0	1	16	0	22	0	0	25	0	16	0	0	0	0	0	1	0	0	0	3	0	9	36	0	0	2	0	2	39	0	7	34	0	40	0	0	25	0	17	0	13	20	0	0	28	0	37	9	0	1	12	0	6	0	23	0	0	38	8	0	17	0	35	21	0	34	0	1	0	0	32	0	0	0	0
44874084	TGCAGGTGTAGATTGCCTGGGGACATTCAAGGGGTGGTGAATGCCTATGAACTGTGAGAATGTGTGTGGGATGAGGAAGGGATGAATAGAATGAATAGTTGATTATAATTACCACCACAGTGCTACTGACCATCG	7	0	18	0	27	1	0	0	1	10	0	0	0	0	0	0	3	26	0	0	29	0	11	10	0	0	29	10	18	14	3	0	9	13	0	18	0	4	12	15	0	0	42	0	0	0	18	0	31	22	0	0	26	0	0	27	0	7	0	46	23	0	13	0	0	16	19	5	1	10	44	0	12	11	22	0	5	3	0	30	0	44	7	1	0	0	0	16	12	0	0	0	40	0	0	0	39	16	23	17	0	0	3	0	0	7	0	5	9	18	10	0	0	0	0	26	16	4	25	0	6	12	0	1	5	18	13	0	0	0	25	35	14	16	8	19	41	0	31	0	8	1	8	0	32	0	28	0	22	0	18	30	16	1	3	0	0	3	0	0	39	0	32	0	12	32	0	1	0	16	0	0	20	0	24	7	0	0	9	0	0	1	21	0	26	0	0	30	0	10	0	0	0	0	0	0	1	0	0	10	0	22	14	0	0	0	0	0	23	0	7	33	0	31	0	0	30	1	20	0	13	9	0	1	16	1	29	9	0	0	12	0	12	0	18	0	0	34	4	0	38	0	30	28	0	24	0	0	0	0	23	0	0	0	0
44976631	TGCAGCTCTTGGTAATGACAGTGGTGCTGGTGCTTTCGTTTGGGGAGTTGCTGGTTGCATGGTTGGGGAAGTCGGGAACACTGTCGTTACCTGTAGTGCTGGGGCAATCACTACTTATACTGCCATTTTTGGTGT	5	0	12	0	30	0	0	0	2	4	0	1	0	0	0	0	12	18	0	0	18	0	24	10	0	0	16	2	42	24	3	0	15	11	1	16	0	1	24	5	0	1	28	0	0	0	27	0	41	2	0	0	27	0	0	14	0	18	0	28	12	0	14	0	0	17	26	7	6	14	28	0	8	1	20	0	0	9	0	39	0	24	13	4	0	0	0	14	4	8	0	1	21	0	0	0	46	6	20	17	0	0	5	0	0	9	0	12	12	8	13	0	0	0	0	15	10	1	18	0	3	12	0	0	12	27	28	0	0	0	19	31	20	22	14	26	22	0	26	0	8	1	13	0	27	0	56	0	13	0	19	27	16	9	10	0	0	0	0	0	38	0	23	0	18	35	0	0	0	8	0	0	16	0	32	16	1	0	28	0	0	5	10	0	32	0	0	23	0	11	3	2	0	0	0	0	5	0	0	7	0	17	37	0	0	0	0	2	21	0	10	22	0	28	1	0	38	0	15	0	13	17	0	0	9	0	23	20	1	0	12	0	4	0	17	0	1	26	7	0	19	0	33	17	0	10	0	0	0	0	41	0	0	0	0
49971366	TGCAGGAGCGGCTGGTCGCAGCAATTTTGGCACCGAAGTGCATCTGGTCATCCAGGGGGAAACCAAGATTCCCTACCTTCTTAGTCGCAGGCACGACAGAGTGGTCGATATTGATGGAGAGGTCTTGGAAGGGAG	1	0	7	0	28	0	0	0	2	3	0	2	0	0	0	0	3	30	0	0	14	0	17	4	0	0	25	8	23	32	1	0	12	12	0	10	0	0	12	13	0	0	34	30	0	0	21	0	24	6	0	0	10	0	0	14	0	2	0	8	10	0	30	0	0	9	19	8	4	2	27	0	4	8	25	3	1	7	0	23	0	19	8	1	0	0	0	21	5	1	0	0	10	0	0	0	29	5	9	13	0	0	4	0	0	6	0	10	18	13	8	0	0	0	1	18	8	10	30	0	4	7	0	0	10	20	25	0	0	0	29	29	20	15	10	16	36	0	59	6	2	0	5	0	38	2	48	0	31	0	9	19	6	0	1	0	0	3	0	0	33	0	23	1	6	20	0	0	0	4	0	0	22	0	43	9	0	0	41	0	0	0	15	0	15	0	0	20	0	8	0	0	0	0	0	0	7	0	0	10	0	23	17	0	0	0	0	0	18	0	4	12	0	23	0	0	24	0	15	0	20	6	0	0	17	0	18	25	0	0	10	0	4	0	10	0	0	29	2	1	18	0	17	18	0	18	0	0	0	0	19	0	0	0	1
59102297	TGCAGGTGGTGGTTCTCTCTCAACCCTCGGGATCTTCCCCCGTCAGGGGTGGATGCGTTGGCGCGCACACCTTGGCCGTGGGTTCTCTTGTATGCGTTTCCTCCGCTCCAGCTGATCCTTCCTCTTCTGGAACGG	3	0	9	0	35	0	0	1	0	6	0	4	1	0	0	0	4	34	0	0	10	0	21	14	0	0	27	12	33	26	7	0	13	13	0	14	0	1	13	5	0	0	41	0	0	0	25	1	80	4	0	0	34	0	0	15	0	21	0	31	21	1	15	0	0	18	41	3	3	17	61	0	15	10	11	1	3	14	0	32	0	22	13	0	0	0	0	40	14	0	1	0	17	0	0	0	47	5	22	21	0	0	1	0	0	13	0	19	22	7	12	0	0	0	0	26	9	20	37	0	13	11	0	0	19	18	25	0	0	0	28	34	21	0	19	18	26	0	37	0	1	0	18	0	0	2	31	0	38	0	31	36	23	10	2	0	0	0	0	0	37	0	36	1	10	38	0	0	0	15	0	0	34	0	84	33	0	0	35	0	0	0	11	0	15	0	0	20	0	19	0	0	0	0	0	0	2	0	0	8	2	21	29	0	0	0	0	0	15	1	9	27	0	44	0	0	29	0	24	0	13	13	0	0	24	0	38	14	0	0	17	0	6	0	16	0	0	39	6	1	20	0	60	22	0	24	0	0	0	0	27	1	0	0	1
59567315	TGCAGCCGCGAGTTCACCTACCCCGCCAGTCTCAGTAAACACATTGCCATCAGCTGTCCCATGAAGCCTGAGCCCAAAAAGGGCAAGAAAGGGGACGTTAAACAGGATGCACCCCAAATGAGCCTGAGAAGGAAA	5	0	9	0	34	0	0	1	0	6	0	4	0	0	0	0	4	23	0	0	18	0	23	22	0	0	18	4	38	26	11	0	10	19	0	28	0	0	26	8	0	0	45	22	0	0	34	0	34	9	0	0	23	0	0	19	0	7	0	16	6	0	28	0	0	15	25	13	19	14	24	2	9	21	27	2	4	17	0	14	1	32	19	0	0	0	0	33	15	2	0	0	13	0	0	0	26	6	20	9	0	0	5	0	0	6	0	19	15	19	17	0	0	0	0	14	17	7	45	0	10	11	0	1	7	43	33	0	0	0	42	36	26	0	14	0	31	0	48	0	8	0	10	0	0	0	0	0	28	0	15	18	18	9	2	0	0	0	0	0	46	0	29	0	6	24	0	0	0	8	0	0	19	0	38	10	0	0	48	0	1	0	20	0	31	0	0	17	0	17	0	0	0	0	0	1	2	0	0	13	0	21	23	1	0	0	0	1	18	0	12	35	0	41	2	0	13	0	28	0	11	20	0	1	22	0	48	10	1	0	27	0	11	1	8	0	3	29	9	0	17	0	27	20	0	13	0	0	0	0	27	0	0	0	0
61651652	TGCAGTCTACCTCGTAGGCATCCAGGCGAATGAACCTCTCCTTCAGGACATAGAACTCAGTGTAAGTCATAGCAGATTTAATAACTTAATGGTACATACGGTTGCCTCACGTAGTGGTCGTTTGGTGTGCTGATG	12	0	2	0	31	0	0	0	5	4	0	7	0	0	0	0	15	27	0	1	16	0	17	8	0	0	18	3	37	27	8	0	10	16	26	12	22	0	63	3	0	1	34	0	0	0	12	1	17	5	0	12	23	0	0	54	0	14	0	27	17	0	27	0	13	13	30	8	1	7	32	0	6	1	27	0	2	8	0	31	0	25	26	0	45	0	1	38	4	0	0	28	18	0	0	0	41	10	9	23	25	0	4	0	22	14	0	13	10	2	12	0	0	0	0	32	15	1	31	7	5	4	18	0	11	32	16	0	0	0	20	39	13	16	21	20	31	1	46	0	5	10	6	1	35	0	29	0	16	0	22	24	8	1	5	0	0	0	0	0	32	0	41	8	12	33	0	0	0	20	0	0	21	0	41	20	0	0	38	0	2	3	22	0	15	0	0	23	0	7	0	0	6	0	0	3	0	0	0	2	0	13	21	0	0	0	0	0	30	0	6	38	1	23	2	0	22	0	26	0	9	16	0	0	27	0	24	9	0	0	20	3	8	0	19	0	9	23	8	38	36	9	23	19	1	20	0	2	0	1	35	0	0	0	0
71034200	TGCAGACGCAGCGGCCGCGGCGGCGAAGGCAAAGGCAGCGCTCACCAATGGAGTTAAGCTGGAGAAAGAAGAAGAAGAGGAAGAAAAGGACGTTAAGGACGTTAAGTTGGTAAAGGAAGAAGAAACCGAAAGCTG	7	0	28	0	39	3	0	0	2	1	0	2	0	0	0	0	3	28	0	0	18	0	14	11	0	0	26	14	37	18	9	0	7	4	0	23	0	0	21	16	0	0	34	0	0	0	32	0	33	1	0	0	25	0	0	25	0	10	0	12	20	0	26	0	0	13	14	14	0	5	38	1	15	5	27	2	13	10	0	37	0	50	11	2	0	0	0	12	5	3	0	0	15	0	0	0	46	7	23	12	0	0	5	2	0	13	0	23	22	8	15	0	0	0	0	24	11	11	29	0	5	5	0	0	10	16	30	0	0	0	30	42	17	0	9	23	26	0	38	0	10	0	5	0	0	0	41	0	14	0	11	40	8	6	11	0	0	0	0	0	31	0	21	0	15	18	0	0	0	7	0	0	21	0	33	15	0	0	17	0	0	2	11	0	16	0	0	37	0	11	0	0	0	0	0	0	2	0	0	2	0	20	27	0	0	0	0	0	26	0	25	42	0	17	0	0	21	0	29	0	16	9	0	0	13	0	28	18	0	0	15	0	7	0	21	0	0	24	5	0	19	0	20	10	0	13	0	0	0	0	20	0	0	0	0
80922501	TGCAGTGGGATGCCACGGGCAAATGGGCCCAGCGTGGGGGTCCTGGGTTTGCAGGGCAGTTCTCCCCTCTGCAACGTTTGAAGTTTTCCAGGGAGGACCGACCTGACAGGGGCAATAAATAGCTGCACTGGATAA	5	0	2	0	32	0	0	0	8	12	0	2	1	0	0	0	6	23	0	0	21	0	10	14	0	0	29	8	21	13	6	0	10	8	0	15	0	0	23	16	1	0	22	0	0	0	19	1	44	8	0	0	50	0	0	12	0	12	0	44	10	0	10	0	0	13	16	8	8	11	22	0	11	12	14	1	9	6	0	31	0	39	17	3	0	0	0	18	12	0	0	0	27	0	0	0	20	20	13	33	0	0	8	0	0	12	0	14	13	5	15	0	0	0	0	15	5	10	11	0	9	21	0	3	10	17	19	0	1	0	39	18	17	20	12	14	33	0	14	0	12	2	7	0	38	0	33	0	17	0	18	23	17	3	7	0	0	2	0	0	24	0	16	0	12	16	0	0	2	5	0	0	28	0	31	29	0	1	22	0	0	0	10	0	12	0	0	32	0	15	0	1	0	0	0	1	4	0	0	4	2	23	32	1	0	0	0	0	13	0	4	30	1	22	1	0	14	0	22	0	10	11	0	0	5	2	31	10	0	0	9	0	7	0	12	0	0	28	11	0	12	0	31	16	0	21	0	0	0	0	14	0	0	0	1
88529818	TGCAGAATAGCAAGATTCCAAGAATGGAATGTGAAACCAGATTACATCACACGAAACACTAAGATTTACATTTTAGACGAACCTGAACGTAACATGTAGATTTTACATCACATCACTCACTCACTCACTCACTCA	8	0	16	0	21	0	0	0	3	5	0	2	0	0	0	0	6	26	0	0	25	0	14	4	0	0	22	4	46	21	9	0	6	8	0	19	0	0	25	9	1	0	36	0	0	0	25	0	45	7	0	0	13	0	2	37	0	11	0	33	21	0	19	0	0	15	39	4	3	3	31	0	19	0	19	0	2	19	0	31	0	31	19	3	0	0	0	22	2	6	1	0	14	0	0	0	40	16	18	17	0	0	1	0	0	8	0	15	22	17	40	0	0	0	0	23	26	13	59	0	7	12	0	0	10	25	32	0	0	0	35	30	11	27	16	23	32	0	36	1	1	0	1	0	18	2	20	0	8	0	19	19	13	0	5	0	0	2	0	0	34	0	52	0	6	18	0	0	4	7	0	0	27	0	38	7	0	0	20	0	0	0	11	1	30	0	0	26	0	16	0	1	0	0	0	0	5	0	2	6	0	28	27	0	0	0	0	0	23	0	4	36	0	35	1	0	16	0	23	0	18	36	0	0	16	0	38	24	0	0	27	1	1	0	14	0	0	36	6	0	17	0	58	15	0	30	0	0	0	0	25	0	0	0	0
101610462	TGCAGCAGCCTGTAAGATAAGGCCTCTTGGGTCACTACCAGGGCACACACACACACACACACACACACACACAGTGTACAGCTGCACACACACAGCGAGAGACGATTGCATCACACACGTACACAAAAACACACA	7	0	11	0	27	0	0	0	0	4	0	3	0	0	0	0	15	18	0	0	20	0	18	12	0	0	17	1	26	14	4	0	9	8	0	6	0	0	8	6	0	0	21	7	0	0	13	1	25	8	0	0	19	0	0	16	0	4	0	13	21	0	6	0	0	7	10	11	7	4	25	0	14	10	9	1	7	8	0	15	0	25	13	0	0	0	0	11	2	0	0	0	19	0	0	0	22	12	8	16	0	0	4	0	0	6	0	6	25	10	12	0	0	0	0	13	5	4	9	0	5	6	0	0	6	1	10	0	0	0	14	25	14	1	10	18	15	0	21	0	6	1	3	0	0	0	0	0	27	0	10	20	6	3	3	0	0	3	0	0	20	0	19	0	9	0	0	0	0	16	0	0	13	0	30	4	0	0	23	0	0	3	8	1	17	0	0	14	0	15	0	0	0	0	0	0	1	0	0	6	0	22	13	0	0	0	0	2	18	0	8	20	0	23	0	0	10	0	15	0	7	19	0	0	14	0	14	7	0	0	8	2	6	0	16	0	0	19	11	0	20	0	18	13	0	10	0	0	0	0	21	0	0	0	0
