Barcode,Filename,Total,NoRadTag,LowQuality,Retained,Pct_Retained,Pct_Total_Reads,Run,Removed,RunSeq
GTCGATT,S_22_00102,6890104,23045,49098,6817961,99.0%,1.1%,NS.2050.002.B723---D501.Pradseq_2022_001,72143,NS.2050.002
GCTGTGGA,S_22_00103,2658650,23684,23141,2611825,98.2%,0.4%,NS.2050.002.B723---D501.Pradseq_2022_001,46825,NS.2050.002
GGTGT,S_22_00105,5478630,30091,35796,5412743,98.8%,0.9%,NS.2050.002.B723---D501.Pradseq_2022_001,65887,NS.2050.002
CGCGGAGA,S_22_00183,7049590,16807,47531,6985252,99.1%,1.1%,NS.2050.002.B723---D501.Pradseq_2022_001,64338,NS.2050.002
CTCG,S_22_00227,3179934,68869,21835,3089230,97.1%,0.5%,NS.2050.002.B723---D501.Pradseq_2022_001,90704,NS.2050.002
ATTGGAT,S_22_00276,7329418,20378,48927,7260113,99.1%,1.2%,NS.2050.002.B723---D501.Pradseq_2022_001,69305,NS.2050.002
TTCCTGGA,S_22_07675,2959324,19203,36594,2903527,98.1%,0.5%,NS.2050.002.B723---D501.Pradseq_2022_001,55797,NS.2050.002
CCACGT,S_22_07691,4485766,36889,28469,4420408,98.5%,0.7%,NS.2050.002.B723---D501.Pradseq_2022_001,65358,NS.2050.002
GTTGAA,S_22_07700,3451024,24203,41591,3385230,98.1%,0.6%,NS.2050.002.B723---D501.Pradseq_2022_001,65794,NS.2050.002
ATATGT,S_22_07705,3061030,39693,31774,2989563,97.7%,0.5%,NS.2050.002.B723---D501.Pradseq_2022_001,71467,NS.2050.002
ACAAA,S_22_00120,7726342,153137,52280,7520925,97.3%,1.2%,NS.2050.002.B723---D501.Pradseq_2022_001,205417,NS.2050.002
TGCA,S_22_00142,4495564,104508,31574,4359482,97.0%,0.7%,NS.2050.002.B723---D501.Pradseq_2022_001,136082,NS.2050.002
AACT,S_22_00008,6046302,243953,43980,5758369,95.2%,0.9%,NS.2050.002.B723---D501.Pradseq_2022_001,287933,NS.2050.002
CATAAGT,S_22_00024,5924592,25133,44758,5854701,98.8%,1.0%,NS.2050.002.B723---D501.Pradseq_2022_001,69891,NS.2050.002
CGCGGT,S_22_00027,3747418,11802,24754,3710862,99.0%,0.6%,NS.2050.002.B723---D501.Pradseq_2022_001,36556,NS.2050.002
TGGTACGT,S_22_00035,4996216,15561,35691,4944964,99.0%,0.8%,NS.2050.002.B723---D501.Pradseq_2022_001,51252,NS.2050.002
ATGAAAG,S_22_00038,7249076,19184,47611,7182281,99.1%,1.2%,NS.2050.002.B723---D501.Pradseq_2022_001,66795,NS.2050.002
ATTGA,S_22_00051,4412718,40544,31260,4340914,98.4%,0.7%,NS.2050.002.B723---D501.Pradseq_2022_001,71804,NS.2050.002
TGGCTA,S_22_00054,6646382,11584,39740,6595058,99.2%,1.1%,NS.2050.002.B723---D501.Pradseq_2022_001,51324,NS.2050.002
AATATGG,S_22_00062,4467912,21568,34288,4412056,98.7%,0.7%,NS.2050.002.B723---D501.Pradseq_2022_001,55856,NS.2050.002
GGACCTA,S_22_00021,2383206,15141,28887,2339178,98.2%,0.4%,NS.2050.002.B723---D501.Pradseq_2022_001,44028,NS.2050.002
CGGTAGA,S_22_00055,7262770,19073,50166,7193531,99.0%,1.2%,NS.2050.002.B723---D501.Pradseq_2022_001,69239,NS.2050.002
GCTTA,S_22_00067,3852700,22265,32289,3798146,98.6%,0.6%,NS.2050.002.B723---D501.Pradseq_2022_001,54554,NS.2050.002
CTGTA,S_22_00068,2149412,26294,21557,2101561,97.8%,0.3%,NS.2050.002.B723---D501.Pradseq_2022_001,47851,NS.2050.002
TCGAAGA,S_22_00116,8511782,25172,54039,8432571,99.1%,1.4%,NS.2050.002.B723---D501.Pradseq_2022_001,79211,NS.2050.002
GCGGAAT,S_22_00083,9045238,13246,52563,8979429,99.3%,1.5%,NS.2050.002.B723---D501.Pradseq_2022_001,65809,NS.2050.002
GGATTGGT,S_22_00139,2869168,13622,26481,2829065,98.6%,0.5%,NS.2050.002.B723---D501.Pradseq_2022_001,40103,NS.2050.002
CATCGT,S_22_00186,3364016,25734,22025,3316257,98.6%,0.5%,NS.2050.002.B723---D501.Pradseq_2022_001,47759,NS.2050.002
GAGATA,S_22_00261,1393058,15482,13356,1364220,97.9%,0.2%,NS.2050.002.B723---D501.Pradseq_2022_001,28838,NS.2050.002
GCCAGT,S_22_00172,2578046,21334,24816,2531896,98.2%,0.4%,NS.2050.002.B723---D501.Pradseq_2022_001,46150,NS.2050.002
TGCGA,S_22_00185,7646614,21498,50059,7575057,99.1%,1.2%,NS.2050.002.B723---D501.Pradseq_2022_001,71557,NS.2050.002
TCTGTGA,S_22_00210,5311600,22807,38086,5250707,98.9%,0.9%,NS.2050.002.B723---D501.Pradseq_2022_001,60893,NS.2050.002
ACGTGTT,S_22_00219,9107450,21202,56858,9029390,99.1%,1.5%,NS.2050.002.B723---D501.Pradseq_2022_001,78060,NS.2050.002
TTCAGA,S_22_00224,5616782,13399,37506,5565877,99.1%,0.9%,NS.2050.002.B723---D501.Pradseq_2022_001,50905,NS.2050.002
AGCG,S_22_00250,5041156,110497,34711,4895948,97.1%,0.8%,NS.2050.002.B723---D501.Pradseq_2022_001,145208,NS.2050.002
CAGA,S_22_08013,3540678,122229,27592,3390857,95.8%,0.6%,NS.2050.002.B723---D501.Pradseq_2022_001,149821,NS.2050.002
AACCGAGA,S_22_08031,11499534,61118,89365,11349051,98.7%,1.9%,NS.2050.002.B723---D501.Pradseq_2022_001,150483,NS.2050.002
ACAGGGA,S_22_08043,4251360,34955,33145,4183260,98.4%,0.7%,NS.2050.002.B723---D501.Pradseq_2022_001,68100,NS.2050.002
GTATT,S_22_08050,4051974,43863,34799,3973312,98.1%,0.7%,NS.2050.002.B723---D501.Pradseq_2022_001,78662,NS.2050.002
TCACG,S_22_08067,2490310,33476,23035,2433799,97.7%,0.4%,NS.2050.002.B723---D501.Pradseq_2022_001,56511,NS.2050.002
TCAG,S_22_08074,1126438,50221,14505,1061712,94.3%,0.2%,NS.2050.002.B723---D501.Pradseq_2022_001,64726,NS.2050.002
GGAAGA,S_22_08085,1233050,3329,9716,1220005,98.9%,0.2%,NS.2050.002.B723---D501.Pradseq_2022_001,13045,NS.2050.002
ACGTGGTA,S_22_08098,4130426,17267,33521,4079638,98.8%,0.7%,NS.2050.002.B723---D501.Pradseq_2022_001,50788,NS.2050.002
ATCGTA,S_22_08103,1088272,18671,10714,1058887,97.3%,0.2%,NS.2050.002.B723---D501.Pradseq_2022_001,29385,NS.2050.002
AGGAT,S_22_08108,6172538,26999,57367,6088172,98.6%,1.0%,NS.2050.002.B723---D501.Pradseq_2022_001,84366,NS.2050.002
CGCTT,S_22_08121,6081478,48361,39063,5994054,98.6%,1.0%,NS.2050.002.B723---D501.Pradseq_2022_001,87424,NS.2050.002
CTATTA,S_22_08140,3157734,33423,30149,3094162,98.0%,0.5%,NS.2050.002.B723---D501.Pradseq_2022_001,63572,NS.2050.002
GGAAG,S_22_08147,2757886,42576,26519,2688791,97.5%,0.4%,NS.2050.002.B723---D501.Pradseq_2022_001,69095,NS.2050.002
TCGTT,S_22_08150,3540696,28534,29384,3482778,98.4%,0.6%,NS.2050.002.B723---D501.Pradseq_2022_001,57918,NS.2050.002
GAGGA,S_22_00045,6720312,50095,40222,6629995,98.7%,1.1%,NS.2050.002.B723---D501.Pradseq_2022_001,90317,NS.2050.002
CGCGATAT,S_22_00118,8504916,20176,57528,8427212,99.1%,1.4%,NS.2050.002.B723---D501.Pradseq_2022_001,77704,NS.2050.002
GGTTGT,S_22_00144,4819062,17825,34539,4766698,98.9%,0.8%,NS.2050.002.B723---D501.Pradseq_2022_001,52364,NS.2050.002
GCTCTA,S_22_00233,6468308,20161,44723,6403424,99.0%,1.1%,NS.2050.002.B723---D501.Pradseq_2022_001,64884,NS.2050.002
CTTCCA,S_22_00239,3610332,12628,23778,3573926,99.0%,0.6%,NS.2050.002.B723---D501.Pradseq_2022_001,36406,NS.2050.002
GAACTTG,S_22_07696,3681526,26729,38193,3616604,98.2%,0.6%,NS.2050.002.B723---D501.Pradseq_2022_001,64922,NS.2050.002
TGCAAGGA,S_22_07706,6249532,34576,63838,6151118,98.4%,1.0%,NS.2050.002.B723---D501.Pradseq_2022_001,98414,NS.2050.002
ACTA,S_22_08314,4090714,156278,34188,3900248,95.3%,0.6%,NS.2050.002.B723---D501.Pradseq_2022_001,190466,NS.2050.002
GTGAGGGT,S_22_08319,2055328,26508,24169,2004651,97.5%,0.3%,NS.2050.002.B723---D501.Pradseq_2022_001,50677,NS.2050.002
CGTGTGGT,S_22_08324,2351732,35325,29603,2286804,97.2%,0.4%,NS.2050.002.B723---D501.Pradseq_2022_001,64928,NS.2050.002
TAGCGGA,S_22_08327,3632458,39862,41486,3551110,97.8%,0.6%,NS.2050.002.B723---D501.Pradseq_2022_001,81348,NS.2050.002
ATTAATT,S_22_08346,3982910,22995,31562,3928353,98.6%,0.6%,NS.2050.002.B723---D501.Pradseq_2022_001,54557,NS.2050.002
CGCCTTAT,S_22_09613,2833824,3415,36211,2794198,98.6%,0.5%,NS.2050.002.B723---D501.Pradseq_2022_001,39626,NS.2050.002
TATTTTT,S_22_09616,4441540,7869,34339,4399332,99.0%,0.7%,NS.2050.002.B723---D501.Pradseq_2022_001,42208,NS.2050.002
GCGT,S_22_09617,4176980,50542,31516,4094922,98.0%,0.7%,NS.2050.002.B723---D501.Pradseq_2022_001,82058,NS.2050.002
TCTCAGTG,S_22_09621,9853560,11561,71678,9770321,99.2%,1.6%,NS.2050.002.B723---D501.Pradseq_2022_001,83239,NS.2050.002
ACCTAA,S_22_09304,7540202,19499,41296,7479407,99.2%,1.2%,NS.2050.002.B723---D501.Pradseq_2022_001,60795,NS.2050.002
TAACGA,S_22_09322,9205360,30282,49703,9125375,99.1%,1.5%,NS.2050.002.B723---D501.Pradseq_2022_001,79985,NS.2050.002
ACCGT,S_22_09325,11021070,38574,60242,10922254,99.1%,1.8%,NS.2050.002.B723---D501.Pradseq_2022_001,98816,NS.2050.002
CCTAG,S_22_09336,6481512,11941,35719,6433852,99.3%,1.1%,NS.2050.002.B723---D501.Pradseq_2022_001,47660,NS.2050.002
CGCTGAT,S_22_09337,14738230,18262,79321,14640647,99.3%,2.4%,NS.2050.002.B723---D501.Pradseq_2022_001,97583,NS.2050.002
GTACTT,S_22_09343,7304126,12790,40412,7250924,99.3%,1.2%,NS.2050.002.B723---D501.Pradseq_2022_001,53202,NS.2050.002
TTCTG,S_22_09345,11775672,25283,62691,11687698,99.3%,1.9%,NS.2050.002.B723---D501.Pradseq_2022_001,87974,NS.2050.002
ATGCCT,S_22_09353,6869166,9741,37402,6822023,99.3%,1.1%,NS.2050.002.B723---D501.Pradseq_2022_001,47143,NS.2050.002
GAATTCA,S_22_09354,11813154,24099,66152,11722903,99.2%,1.9%,NS.2050.002.B723---D501.Pradseq_2022_001,90251,NS.2050.002
TATCGGGA,S_22_09387,7771642,8211,42738,7720693,99.3%,1.3%,NS.2050.002.B723---D501.Pradseq_2022_001,50949,NS.2050.002
GTAA,S_22_09388,8576468,92941,55378,8428149,98.3%,1.4%,NS.2050.002.B723---D501.Pradseq_2022_001,148319,NS.2050.002
CTTGCTT,S_22_09393,7755814,5095,40879,7709840,99.4%,1.3%,NS.2050.002.B723---D501.Pradseq_2022_001,45974,NS.2050.002
AAAAGTT,S_22_09411,10414124,49517,55483,10309124,99.0%,1.7%,NS.2050.002.B723---D501.Pradseq_2022_001,105000,NS.2050.002
CATCT,S_22_09413,11825594,56438,65504,11703652,99.0%,1.9%,NS.2050.002.B723---D501.Pradseq_2022_001,121942,NS.2050.002
AGTGGA,S_22_09423,6180802,17659,34260,6128883,99.2%,1.0%,NS.2050.002.B723---D501.Pradseq_2022_001,51919,NS.2050.002
CCATGGGT,S_22_09427,12082470,30836,70724,11980910,99.2%,2.0%,NS.2050.002.B723---D501.Pradseq_2022_001,101560,NS.2050.002
AACGCCT,S_22_09452,11039776,14839,62958,10961979,99.3%,1.8%,NS.2050.002.B723---D501.Pradseq_2022_001,77797,NS.2050.002
CTAGG,S_22_09454,10040428,38594,56361,9945473,99.1%,1.6%,NS.2050.002.B723---D501.Pradseq_2022_001,94955,NS.2050.002
TAATA,S_22_09212,7882928,71769,43276,7767883,98.5%,1.3%,NS.2050.002.B723---D501.Pradseq_2022_001,115045,NS.2050.002
TACAT,S_22_09213,11429436,67778,66860,11294798,98.8%,1.9%,NS.2050.002.B723---D501.Pradseq_2022_001,134638,NS.2050.002
CTACGGA,S_22_09217,11186278,17380,62104,11106794,99.3%,1.8%,NS.2050.002.B723---D501.Pradseq_2022_001,79484,NS.2050.002
ACGACTAG,S_22_09218,12462518,19186,68631,12374701,99.3%,2.0%,NS.2050.002.B723---D501.Pradseq_2022_001,87817,NS.2050.002
GATG,S_22_09225,11818374,111686,64477,11642211,98.5%,1.9%,NS.2050.002.B723---D501.Pradseq_2022_001,176163,NS.2050.002
TAGGCCAT,S_22_09232,13430072,18675,107691,13303706,99.1%,2.2%,NS.2050.002.B723---D501.Pradseq_2022_001,126366,NS.2050.002
AGCCG,S_22_09239,6755612,20384,37076,6698152,99.1%,1.1%,NS.2050.002.B723---D501.Pradseq_2022_001,57460,NS.2050.002
CCACAA,S_22_09242,6762858,27303,36315,6699240,99.1%,1.1%,NS.2050.002.B723---D501.Pradseq_2022_001,63618,NS.2050.002
TAGCATGG,S_22_09245,9690652,14746,52912,9622994,99.3%,1.6%,NS.2050.002.B723---D501.Pradseq_2022_001,67658,NS.2050.002
TGCTGGA,S_22_09263,11806644,16745,70970,11718929,99.3%,1.9%,NS.2050.002.B723---D501.Pradseq_2022_001,87715,NS.2050.002
GTCAA,S_22_09273,6904678,24979,37271,6842428,99.1%,1.1%,NS.2050.002.B723---D501.Pradseq_2022_001,62250,NS.2050.002
TAGGAA,S_22_09282,6657844,20835,39608,6597401,99.1%,1.1%,NS.2050.002.B723---D501.Pradseq_2022_001,60443,NS.2050.002
CGAT,S_22_09283,8838794,157358,49120,8632316,97.7%,1.4%,NS.2050.002.B723---D501.Pradseq_2022_001,206478,NS.2050.002
GCTTA,S_22_00155,670854,23177,8239,639438,95.3%,0.1%,NS.2050.002.B723---D502.Pradseq_2022_002,31416,NS.2050.002
CCACGT,S_22_00065,6197418,30878,31258,6135282,99.0%,1.0%,NS.2050.002.B723---D502.Pradseq_2022_002,62136,NS.2050.002
CTATTA,S_22_00206,6151902,12295,26997,6112610,99.4%,0.9%,NS.2050.002.B723---D502.Pradseq_2022_002,39292,NS.2050.002
GTCAA,S_22_07683,4482044,20412,21676,4439956,99.1%,0.7%,NS.2050.002.B723---D502.Pradseq_2022_002,42088,NS.2050.002
CATCGT,S_22_07697,2816730,25012,21634,2770084,98.3%,0.4%,NS.2050.002.B723---D502.Pradseq_2022_002,46646,NS.2050.002
ACGTGGTA,S_22_07701,10706980,17698,63581,10625701,99.2%,1.6%,NS.2050.002.B723---D502.Pradseq_2022_002,81279,NS.2050.002
CCTAG,S_22_07707,2431226,14503,17700,2399023,98.7%,0.4%,NS.2050.002.B723---D502.Pradseq_2022_002,32203,NS.2050.002
TGGCTA,S_22_07712,3601494,19925,26324,3555245,98.7%,0.6%,NS.2050.002.B723---D502.Pradseq_2022_002,46249,NS.2050.002
CGGTAGA,S_22_00015,5260336,14891,29617,5215828,99.2%,0.8%,NS.2050.002.B723---D502.Pradseq_2022_002,44508,NS.2050.002
ATCGTA,S_22_00074,9361986,19575,46485,9295926,99.3%,1.4%,NS.2050.002.B723---D502.Pradseq_2022_002,66060,NS.2050.002
ACCTAA,S_22_00150,5471726,19026,28221,5424479,99.1%,0.8%,NS.2050.002.B723---D502.Pradseq_2022_002,47247,NS.2050.002
TAACGA,S_22_00004,6777116,24280,36634,6716202,99.1%,1.0%,NS.2050.002.B723---D502.Pradseq_2022_002,60914,NS.2050.002
ACGACTAG,S_22_00020,6102974,18600,38361,6046013,99.1%,0.9%,NS.2050.002.B723---D502.Pradseq_2022_002,56961,NS.2050.002
ACAAA,S_22_00041,12976498,121324,73721,12781453,98.5%,2.0%,NS.2050.002.B723---D502.Pradseq_2022_002,195045,NS.2050.002
GGATTGGT,S_22_00049,5677264,10291,29913,5637060,99.3%,0.9%,NS.2050.002.B723---D502.Pradseq_2022_002,40204,NS.2050.002
AACT,S_22_00057,7416222,160848,38558,7216816,97.3%,1.1%,NS.2050.002.B723---D502.Pradseq_2022_002,199406,NS.2050.002
AAAAGTT,S_22_00063,6202660,41683,34161,6126816,98.8%,0.9%,NS.2050.002.B723---D502.Pradseq_2022_002,75844,NS.2050.002
ACCGT,S_22_00010,3951370,50116,27280,3873974,98.0%,0.6%,NS.2050.002.B723---D502.Pradseq_2022_002,77396,NS.2050.002
GAATTCA,S_22_00079,7727400,26478,44584,7656338,99.1%,1.2%,NS.2050.002.B723---D502.Pradseq_2022_002,71062,NS.2050.002
TTCAGA,S_22_00093,10309870,11115,46490,10252265,99.4%,1.6%,NS.2050.002.B723---D502.Pradseq_2022_002,57605,NS.2050.002
ATTGA,S_22_00100,5482870,37764,30465,5414641,98.8%,0.8%,NS.2050.002.B723---D502.Pradseq_2022_002,68229,NS.2050.002
TGCGA,S_22_00151,8746720,18837,47646,8680237,99.2%,1.3%,NS.2050.002.B723---D502.Pradseq_2022_002,66483,NS.2050.002
CTACGGA,S_22_00090,6165360,11351,30379,6123630,99.3%,0.9%,NS.2050.002.B723---D502.Pradseq_2022_002,41730,NS.2050.002
TGCTGGA,S_22_00109,7646648,18669,42236,7585743,99.2%,1.2%,NS.2050.002.B723---D502.Pradseq_2022_002,60905,NS.2050.002
AGGAT,S_22_00126,8505542,30440,55949,8419153,99.0%,1.3%,NS.2050.002.B723---D502.Pradseq_2022_002,86389,NS.2050.002
TATTTTT,S_22_00131,4259080,22418,27448,4209214,98.8%,0.7%,NS.2050.002.B723---D502.Pradseq_2022_002,49866,NS.2050.002
CGCGGT,S_22_00133,5261862,11890,28152,5221820,99.2%,0.8%,NS.2050.002.B723---D502.Pradseq_2022_002,40042,NS.2050.002
ATTGGAT,S_22_00137,4255794,19148,28505,4208141,98.9%,0.7%,NS.2050.002.B723---D502.Pradseq_2022_002,47653,NS.2050.002
TAGCGGA,S_22_00154,2363860,31577,22961,2309322,97.7%,0.4%,NS.2050.002.B723---D502.Pradseq_2022_002,54538,NS.2050.002
GCGGAAT,S_22_00157,2888520,32964,26260,2829296,97.9%,0.4%,NS.2050.002.B723---D502.Pradseq_2022_002,59224,NS.2050.002
AGTGGA,S_22_00211,6050438,20728,30407,5999303,99.2%,0.9%,NS.2050.002.B723---D502.Pradseq_2022_002,51135,NS.2050.002
GGTTGT,S_22_00222,5740290,13752,29265,5697273,99.3%,0.9%,NS.2050.002.B723---D502.Pradseq_2022_002,43017,NS.2050.002
GTGAGGGT,S_22_00163,1739882,11529,12901,1715452,98.6%,0.3%,NS.2050.002.B723---D502.Pradseq_2022_002,24430,NS.2050.002
TTCTG,S_22_00181,8255500,22483,38249,8194768,99.3%,1.3%,NS.2050.002.B723---D502.Pradseq_2022_002,60732,NS.2050.002
TAATA,S_22_00192,9432238,55116,44578,9332544,98.9%,1.4%,NS.2050.002.B723---D502.Pradseq_2022_002,99694,NS.2050.002
GATG,S_22_00194,8025060,122412,39827,7862821,98.0%,1.2%,NS.2050.002.B723---D502.Pradseq_2022_002,162239,NS.2050.002
ATATGT,S_22_00197,10518742,38507,48267,10431968,99.2%,1.6%,NS.2050.002.B723---D502.Pradseq_2022_002,86774,NS.2050.002
GTTGAA,S_22_00221,12093900,14998,57929,12020973,99.4%,1.9%,NS.2050.002.B723---D502.Pradseq_2022_002,72927,NS.2050.002
CGTGTGGT,S_22_00240,8850480,22432,44248,8783800,99.2%,1.4%,NS.2050.002.B723---D502.Pradseq_2022_002,66680,NS.2050.002
TCACG,S_22_00272,5563092,39913,42254,5480925,98.5%,0.8%,NS.2050.002.B723---D502.Pradseq_2022_002,82167,NS.2050.002
AGCCG,S_22_00280,3322980,21129,22195,3279656,98.7%,0.5%,NS.2050.002.B723---D502.Pradseq_2022_002,43324,NS.2050.002
TCGAAGA,S_22_00251,11132088,31637,60521,11039930,99.2%,1.7%,NS.2050.002.B723---D502.Pradseq_2022_002,92158,NS.2050.002
TGGTACGT,S_22_00274,9768082,28835,60588,9678659,99.1%,1.5%,NS.2050.002.B723---D502.Pradseq_2022_002,89423,NS.2050.002
ATTAATT,S_22_00275,4482434,27471,33117,4421846,98.6%,0.7%,NS.2050.002.B723---D502.Pradseq_2022_002,60588,NS.2050.002
TAGGCCAT,S_22_08009,4632440,43122,43065,4546253,98.1%,0.7%,NS.2050.002.B723---D502.Pradseq_2022_002,86187,NS.2050.002
GTAA,S_22_08015,8060340,121433,51295,7887612,97.9%,1.2%,NS.2050.002.B723---D502.Pradseq_2022_002,172728,NS.2050.002
GTACTT,S_22_08025,2212680,20042,17336,2175302,98.3%,0.3%,NS.2050.002.B723---D502.Pradseq_2022_002,37378,NS.2050.002
GTCGATT,S_22_08029,6738928,24333,42341,6672254,99.0%,1.0%,NS.2050.002.B723---D502.Pradseq_2022_002,66674,NS.2050.002
CGCCTTAT,S_22_08037,1631460,7999,10735,1612726,98.9%,0.3%,NS.2050.002.B723---D502.Pradseq_2022_002,18734,NS.2050.002
TGCAAGGA,S_22_08045,1474750,13003,12304,1449443,98.3%,0.2%,NS.2050.002.B723---D502.Pradseq_2022_002,25307,NS.2050.002
TCAG,S_22_08046,1388470,58947,10102,1319421,95.0%,0.2%,NS.2050.002.B723---D502.Pradseq_2022_002,69049,NS.2050.002
AATATGG,S_22_08048,3196796,35636,21719,3139441,98.2%,0.5%,NS.2050.002.B723---D502.Pradseq_2022_002,57355,NS.2050.002
TGCA,S_22_08055,1084934,80924,10059,993951,91.6%,0.2%,NS.2050.002.B723---D502.Pradseq_2022_002,90983,NS.2050.002
CCACAA,S_22_08079,4002630,32398,26862,3943370,98.5%,0.6%,NS.2050.002.B723---D502.Pradseq_2022_002,59260,NS.2050.002
GGTGT,S_22_08080,3128982,46402,23223,3059357,97.8%,0.5%,NS.2050.002.B723---D502.Pradseq_2022_002,69625,NS.2050.002
GTATT,S_22_08104,3659496,25483,20472,3613541,98.7%,0.6%,NS.2050.002.B723---D502.Pradseq_2022_002,45955,NS.2050.002
AGCG,S_22_08111,4699836,113315,28002,4558519,97.0%,0.7%,NS.2050.002.B723---D502.Pradseq_2022_002,141317,NS.2050.002
CATCT,S_22_00046,7368744,36169,33510,7299065,99.1%,1.1%,NS.2050.002.B723---D502.Pradseq_2022_002,69679,NS.2050.002
ACGTGTT,S_22_00119,9924088,29885,51958,9842245,99.2%,1.5%,NS.2050.002.B723---D502.Pradseq_2022_002,81843,NS.2050.002
TCTGTGA,S_22_00145,8040908,24828,47332,7968748,99.1%,1.2%,NS.2050.002.B723---D502.Pradseq_2022_002,72160,NS.2050.002
TTCCTGGA,S_22_00190,7617296,18793,45123,7553380,99.2%,1.2%,NS.2050.002.B723---D502.Pradseq_2022_002,63916,NS.2050.002
CGCTGAT,S_22_00231,8459776,21570,44760,8393446,99.2%,1.3%,NS.2050.002.B723---D502.Pradseq_2022_002,66330,NS.2050.002
TCGTT,S_22_00243,4514570,23294,27871,4463405,98.9%,0.7%,NS.2050.002.B723---D502.Pradseq_2022_002,51165,NS.2050.002
AACGCCT,S_22_07665,5114268,16567,34370,5063331,99.0%,0.8%,NS.2050.002.B723---D502.Pradseq_2022_002,50937,NS.2050.002
GGAAGA,S_22_07698,1620250,14584,16219,1589447,98.1%,0.2%,NS.2050.002.B723---D502.Pradseq_2022_002,30803,NS.2050.002
GCCAGT,S_22_08288,5016364,21696,27713,4966955,99.0%,0.8%,NS.2050.002.B723---D502.Pradseq_2022_002,49409,NS.2050.002
GAGGA,S_22_08289,4003398,43094,26392,3933912,98.3%,0.6%,NS.2050.002.B723---D502.Pradseq_2022_002,69486,NS.2050.002
CTCG,S_22_08298,2602224,68178,15999,2518047,96.8%,0.4%,NS.2050.002.B723---D502.Pradseq_2022_002,84177,NS.2050.002
TAGGAA,S_22_08301,5552714,18155,29313,5505246,99.1%,0.9%,NS.2050.002.B723---D502.Pradseq_2022_002,47468,NS.2050.002
CGCGATAT,S_22_08323,5326782,28853,35691,5262238,98.8%,0.8%,NS.2050.002.B723---D502.Pradseq_2022_002,64544,NS.2050.002
GCGT,S_22_08379,567392,58519,7756,501117,88.3%,0.1%,NS.2050.002.B723---D502.Pradseq_2022_002,66275,NS.2050.002
CCATGGGT,S_22_09614,8139898,11477,61463,8066958,99.1%,1.3%,NS.2050.002.B723---D502.Pradseq_2022_002,72940,NS.2050.002
GAGATA,S_22_09616_rep,2106560,4661,12704,2089195,99.2%,0.3%,NS.2050.002.B723---D502.Pradseq_2022_002,17365,NS.2050.002
CTTGCTT,S_22_09618,2763586,2149,16914,2744523,99.3%,0.4%,NS.2050.002.B723---D502.Pradseq_2022_002,19063,NS.2050.002
AACCGAGA,S_22_09620,10257818,10904,59463,10187451,99.3%,1.6%,NS.2050.002.B723---D502.Pradseq_2022_002,70367,NS.2050.002
TATCGGGA,S_22_09622,4168438,3782,29015,4135641,99.2%,0.6%,NS.2050.002.B723---D502.Pradseq_2022_002,32797,NS.2050.002
CGCGGAGA,S_22_09623,8186790,5311,49634,8131845,99.3%,1.3%,NS.2050.002.B723---D502.Pradseq_2022_002,54945,NS.2050.002
ACTA,S_22_09305,5208340,113734,25158,5069448,97.3%,0.8%,NS.2050.002.B723---D502.Pradseq_2022_002,138892,NS.2050.002
GGAAG,S_22_09318,13892678,39473,60040,13793165,99.3%,2.1%,NS.2050.002.B723---D502.Pradseq_2022_002,99513,NS.2050.002
GGACCTA,S_22_09320,13995664,13806,60459,13921399,99.5%,2.2%,NS.2050.002.B723---D502.Pradseq_2022_002,74265,NS.2050.002
TAGCATGG,S_22_09323,9702224,11642,41695,9648887,99.5%,1.5%,NS.2050.002.B723---D502.Pradseq_2022_002,53337,NS.2050.002
ACAGGGA,S_22_09363,14425658,21893,64855,14338910,99.4%,2.2%,NS.2050.002.B723---D502.Pradseq_2022_002,86748,NS.2050.002
TCTCAGTG,S_22_09366,13658312,25646,61763,13570903,99.4%,2.1%,NS.2050.002.B723---D502.Pradseq_2022_002,87409,NS.2050.002
GAACTTG,S_22_09378,8310380,15627,35927,8258826,99.4%,1.3%,NS.2050.002.B723---D502.Pradseq_2022_002,51554,NS.2050.002
ATGCCT,S_22_09386,12134182,11837,51636,12070709,99.5%,1.9%,NS.2050.002.B723---D502.Pradseq_2022_002,63473,NS.2050.002
CTGTA,S_22_09391,7369372,33507,33907,7301958,99.1%,1.1%,NS.2050.002.B723---D502.Pradseq_2022_002,67414,NS.2050.002
GCTCTA,S_22_09403,12261642,13156,52655,12195831,99.5%,1.9%,NS.2050.002.B723---D502.Pradseq_2022_002,65811,NS.2050.002
CGAT,S_22_09409,9557816,160107,43876,9353833,97.9%,1.5%,NS.2050.002.B723---D502.Pradseq_2022_002,203983,NS.2050.002
CTTCCA,S_22_09421,8766158,8689,37410,8720059,99.5%,1.4%,NS.2050.002.B723---D502.Pradseq_2022_002,46099,NS.2050.002
CATAAGT,S_22_09210,7777940,16995,36999,7723946,99.3%,1.2%,NS.2050.002.B723---D502.Pradseq_2022_002,53994,NS.2050.002
CTAGG,S_22_09230,17700636,44362,76629,17579645,99.3%,2.7%,NS.2050.002.B723---D502.Pradseq_2022_002,120991,NS.2050.002
CGCTT,S_22_09233,12731794,34203,54985,12642606,99.3%,2.0%,NS.2050.002.B723---D502.Pradseq_2022_002,89188,NS.2050.002
TACAT,S_22_09234,9846976,43928,42931,9760117,99.1%,1.5%,NS.2050.002.B723---D502.Pradseq_2022_002,86859,NS.2050.002
CAGA,S_22_09235,5020224,90815,24330,4905079,97.7%,0.8%,NS.2050.002.B723---D502.Pradseq_2022_002,115145,NS.2050.002
GCTGTGGA,S_22_09247,9636276,5368,40030,9590878,99.5%,1.5%,NS.2050.002.B723---D502.Pradseq_2022_002,45398,NS.2050.002
ATGAAAG,S_22_09279,10245856,19766,46748,10179342,99.4%,1.6%,NS.2050.002.B723---D502.Pradseq_2022_002,66514,NS.2050.002
CTGTA,S_22_00012,3783622,39671,29279,3714672,98.2%,0.6%,NS.2050.002.B723---D503.Pradseq_2022_003,68950,NS.2050.002
CTTCCA,S_22_00058,6329054,10849,38309,6279896,99.2%,1.0%,NS.2050.002.B723---D503.Pradseq_2022_003,49158,NS.2050.002
TAGGAA,S_22_00078,4820046,15852,31531,4772663,99.0%,0.8%,NS.2050.002.B723---D503.Pradseq_2022_003,47383,NS.2050.002
GTCGATT,S_22_00170,5613208,13783,39140,5560285,99.1%,0.9%,NS.2050.002.B723---D503.Pradseq_2022_003,52923,NS.2050.002
ACCGT,S_22_00189,7133740,53253,55805,7024682,98.5%,1.2%,NS.2050.002.B723---D503.Pradseq_2022_003,109058,NS.2050.002
CCACGT,S_22_00207,6912860,55363,45453,6812044,98.5%,1.1%,NS.2050.002.B723---D503.Pradseq_2022_003,100816,NS.2050.002
TGGTACGT,S_22_00043,12150218,14730,73743,12061745,99.3%,2.0%,NS.2050.002.B723---D503.Pradseq_2022_003,88473,NS.2050.002
AACCGAGA,S_22_00128,10690532,32230,77501,10580801,99.0%,1.8%,NS.2050.002.B723---D503.Pradseq_2022_003,109731,NS.2050.002
TTCCTGGA,S_22_07670,4536128,29861,48987,4457280,98.3%,0.7%,NS.2050.002.B723---D503.Pradseq_2022_003,78848,NS.2050.002
TTCTG,S_22_07680,6488762,44477,59035,6385250,98.4%,1.1%,NS.2050.002.B723---D503.Pradseq_2022_003,103512,NS.2050.002
TCGTT,S_22_07687,4109284,26077,28221,4054986,98.7%,0.7%,NS.2050.002.B723---D503.Pradseq_2022_003,54298,NS.2050.002
CGCCTTAT,S_22_07694,6659798,28777,54981,6576040,98.7%,1.1%,NS.2050.002.B723---D503.Pradseq_2022_003,83758,NS.2050.002
TATTTTT,S_22_07711,3433592,24726,38270,3370596,98.2%,0.6%,NS.2050.002.B723---D503.Pradseq_2022_003,62996,NS.2050.002
AGCCG,S_22_00029,2940454,16931,21892,2901631,98.7%,0.5%,NS.2050.002.B723---D503.Pradseq_2022_003,38823,NS.2050.002
CATAAGT,S_22_00076,5729074,17076,39470,5672528,99.0%,0.9%,NS.2050.002.B723---D503.Pradseq_2022_003,56546,NS.2050.002
TAGGCCAT,S_22_00092,10338754,15816,99547,10223391,98.9%,1.7%,NS.2050.002.B723---D503.Pradseq_2022_003,115363,NS.2050.002
ATTGGAT,S_22_00123,5327704,19613,38434,5269657,98.9%,0.9%,NS.2050.002.B723---D503.Pradseq_2022_003,58047,NS.2050.002
AGTGGA,S_22_00156,3670140,31772,35112,3603256,98.2%,0.6%,NS.2050.002.B723---D503.Pradseq_2022_003,66884,NS.2050.002
GTTGAA,S_22_00001,5317890,12226,40458,5265206,99.0%,0.9%,NS.2050.002.B723---D503.Pradseq_2022_003,52684,NS.2050.002
GTATT,S_22_00003,4247240,28748,35600,4182892,98.5%,0.7%,NS.2050.002.B723---D503.Pradseq_2022_003,64348,NS.2050.002
CGGTAGA,S_22_00031,5575010,12907,41029,5521074,99.0%,0.9%,NS.2050.002.B723---D503.Pradseq_2022_003,53936,NS.2050.002
CTAGG,S_22_00056,9670586,34387,56399,9579800,99.1%,1.6%,NS.2050.002.B723---D503.Pradseq_2022_003,90786,NS.2050.002
CGCTT,S_22_00060,4251438,34108,36041,4181289,98.3%,0.7%,NS.2050.002.B723---D503.Pradseq_2022_003,70149,NS.2050.002
TAGCATGG,S_22_00017,5013396,15938,38611,4958847,98.9%,0.8%,NS.2050.002.B723---D503.Pradseq_2022_003,54549,NS.2050.002
GAATTCA,S_22_00033,6142062,19185,44906,6077971,99.0%,1.0%,NS.2050.002.B723---D503.Pradseq_2022_003,64091,NS.2050.002
TGCGA,S_22_00042,8552964,12502,56189,8484273,99.2%,1.4%,NS.2050.002.B723---D503.Pradseq_2022_003,68691,NS.2050.002
TATCGGGA,S_22_00064,3754872,8947,31984,3713941,98.9%,0.6%,NS.2050.002.B723---D503.Pradseq_2022_003,40931,NS.2050.002
GGACCTA,S_22_00066,3057700,11579,29721,3016400,98.6%,0.5%,NS.2050.002.B723---D503.Pradseq_2022_003,41300,NS.2050.002
AACT,S_22_00070,6971342,215299,52972,6703071,96.2%,1.1%,NS.2050.002.B723---D503.Pradseq_2022_003,268271,NS.2050.002
ATCGTA,S_22_00071,6579308,19612,44663,6515033,99.0%,1.1%,NS.2050.002.B723---D503.Pradseq_2022_003,64275,NS.2050.002
AAAAGTT,S_22_00075,7331460,47201,44918,7239341,98.7%,1.2%,NS.2050.002.B723---D503.Pradseq_2022_003,92119,NS.2050.002
ACGTGGTA,S_22_00084,7443476,16432,50723,7376321,99.1%,1.2%,NS.2050.002.B723---D503.Pradseq_2022_003,67155,NS.2050.002
ACCTAA,S_22_00091,9370400,26621,62424,9281355,99.0%,1.5%,NS.2050.002.B723---D503.Pradseq_2022_003,89045,NS.2050.002
TCTCAGTG,S_22_00135,8126494,33223,62034,8031237,98.8%,1.3%,NS.2050.002.B723---D503.Pradseq_2022_003,95257,NS.2050.002
CAGA,S_22_00165,5281872,130257,40662,5110953,96.8%,0.9%,NS.2050.002.B723---D503.Pradseq_2022_003,170919,NS.2050.002
GGAAGA,S_22_00209,2815512,10891,23434,2781187,98.8%,0.5%,NS.2050.002.B723---D503.Pradseq_2022_003,34325,NS.2050.002
GGTTGT,S_22_00174,2985656,16802,26760,2942094,98.5%,0.5%,NS.2050.002.B723---D503.Pradseq_2022_003,43562,NS.2050.002
ATTAATT,S_22_00216,4607466,19777,32751,4554938,98.9%,0.8%,NS.2050.002.B723---D503.Pradseq_2022_003,52528,NS.2050.002
GTGAGGGT,S_22_00246,2941284,25111,28071,2888102,98.2%,0.5%,NS.2050.002.B723---D503.Pradseq_2022_003,53182,NS.2050.002
GGAAG,S_22_00248,4188966,78626,43565,4066775,97.1%,0.7%,NS.2050.002.B723---D503.Pradseq_2022_003,122191,NS.2050.002
CATCGT,S_22_00273,5535994,21777,38021,5476196,98.9%,0.9%,NS.2050.002.B723---D503.Pradseq_2022_003,59798,NS.2050.002
GGATTGGT,S_22_00286,4556844,31020,34590,4491234,98.6%,0.7%,NS.2050.002.B723---D503.Pradseq_2022_003,65610,NS.2050.002
CATCT,S_22_08011,6873570,52668,47020,6773882,98.5%,1.1%,NS.2050.002.B723---D503.Pradseq_2022_003,99688,NS.2050.002
TGCTGGA,S_22_08023,4455908,50395,45635,4359878,97.8%,0.7%,NS.2050.002.B723---D503.Pradseq_2022_003,96030,NS.2050.002
AACGCCT,S_22_08049,8623504,53719,68246,8501539,98.6%,1.4%,NS.2050.002.B723---D503.Pradseq_2022_003,121965,NS.2050.002
TGCA,S_22_08051,899008,118103,11208,769697,85.6%,0.1%,NS.2050.002.B723---D503.Pradseq_2022_003,129311,NS.2050.002
CTACGGA,S_22_08052,939492,8220,9781,921491,98.1%,0.2%,NS.2050.002.B723---D503.Pradseq_2022_003,18001,NS.2050.002
GCTCTA,S_22_08056,4890890,23452,37513,4829925,98.8%,0.8%,NS.2050.002.B723---D503.Pradseq_2022_003,60965,NS.2050.002
CGCGATAT,S_22_08057,487172,4138,4665,478369,98.2%,0.1%,NS.2050.002.B723---D503.Pradseq_2022_003,8803,NS.2050.002
CTCG,S_22_08078,2913060,53528,20678,2838854,97.5%,0.5%,NS.2050.002.B723---D503.Pradseq_2022_003,74206,NS.2050.002
CGCGGAGA,S_22_08097,736114,4430,7278,724406,98.4%,0.1%,NS.2050.002.B723---D503.Pradseq_2022_003,11708,NS.2050.002
GTCAA,S_22_08101,1197768,21710,10015,1166043,97.4%,0.2%,NS.2050.002.B723---D503.Pradseq_2022_003,31725,NS.2050.002
CGTGTGGT,S_22_08106,1218978,15910,12621,1190447,97.7%,0.2%,NS.2050.002.B723---D503.Pradseq_2022_003,28531,NS.2050.002
TCAG,S_22_08116,5087460,56269,38614,4992577,98.1%,0.8%,NS.2050.002.B723---D503.Pradseq_2022_003,94883,NS.2050.002
TAACGA,S_22_08117,7692870,32258,48843,7611769,98.9%,1.3%,NS.2050.002.B723---D503.Pradseq_2022_003,81101,NS.2050.002
ATGCCT,S_22_08118,5918426,15552,37520,5865354,99.1%,1.0%,NS.2050.002.B723---D503.Pradseq_2022_003,53072,NS.2050.002
TGCAAGGA,S_22_08139,10152216,23251,70884,10058081,99.1%,1.7%,NS.2050.002.B723---D503.Pradseq_2022_003,94135,NS.2050.002
CGAT,S_22_00141,8481150,148056,57831,8275263,97.6%,1.4%,NS.2050.002.B723---D503.Pradseq_2022_003,205887,NS.2050.002
CTTGCTT,S_22_00187,5259774,16407,38356,5205011,99.0%,0.9%,NS.2050.002.B723---D503.Pradseq_2022_003,54763,NS.2050.002
TCTGTGA,S_22_00191,8086528,13441,51659,8021428,99.2%,1.3%,NS.2050.002.B723---D503.Pradseq_2022_003,65100,NS.2050.002
GATG,S_22_00193,8266624,127126,55875,8083623,97.8%,1.3%,NS.2050.002.B723---D503.Pradseq_2022_003,183001,NS.2050.002
TCGAAGA,S_22_00214,7371942,42766,52285,7276891,98.7%,1.2%,NS.2050.002.B723---D503.Pradseq_2022_003,95051,NS.2050.002
ACTA,S_22_00230,7195692,139187,54143,7002362,97.3%,1.2%,NS.2050.002.B723---D503.Pradseq_2022_003,193330,NS.2050.002
GTACTT,S_22_00238,4460944,18567,31606,4410771,98.9%,0.7%,NS.2050.002.B723---D503.Pradseq_2022_003,50173,NS.2050.002
AGCG,S_22_00252,2907728,70079,26659,2810990,96.7%,0.5%,NS.2050.002.B723---D503.Pradseq_2022_003,96738,NS.2050.002
GTAA,S_22_00253,3108762,93020,37030,2978712,95.8%,0.5%,NS.2050.002.B723---D503.Pradseq_2022_003,130050,NS.2050.002
ACAGGGA,S_22_00289,3679180,26118,38226,3614836,98.3%,0.6%,NS.2050.002.B723---D503.Pradseq_2022_003,64344,NS.2050.002
GCTGTGGA,S_22_00302,1661020,24126,25697,1611197,97.0%,0.3%,NS.2050.002.B723---D503.Pradseq_2022_003,49823,NS.2050.002
TAGCGGA,S_22_08290,5150398,35500,48826,5066072,98.4%,0.8%,NS.2050.002.B723---D503.Pradseq_2022_003,84326,NS.2050.002
GCGGAAT,S_22_08306,10732998,27833,70323,10634842,99.1%,1.8%,NS.2050.002.B723---D503.Pradseq_2022_003,98156,NS.2050.002
CTATTA,S_22_08308,5781380,14601,35594,5731185,99.1%,1.0%,NS.2050.002.B723---D503.Pradseq_2022_003,50195,NS.2050.002
CGCTGAT,S_22_08322,2218282,28586,28465,2161231,97.4%,0.4%,NS.2050.002.B723---D503.Pradseq_2022_003,57051,NS.2050.002
ACGACTAG,S_22_08340,412614,7160,8665,396789,96.2%,0.1%,NS.2050.002.B723---D503.Pradseq_2022_003,15825,NS.2050.002
GCCAGT,S_22_08349,1317502,14695,15365,1287442,97.7%,0.2%,NS.2050.002.B723---D503.Pradseq_2022_003,30060,NS.2050.002
GCGT,S_22_09296,11179044,73470,65051,11040523,98.8%,1.8%,NS.2050.002.B723---D503.Pradseq_2022_003,138521,NS.2050.002
ATTGA,S_22_09303,8115112,34910,45206,8034996,99.0%,1.3%,NS.2050.002.B723---D503.Pradseq_2022_003,80116,NS.2050.002
ATATGT,S_22_09306,10636926,38503,62045,10536378,99.1%,1.8%,NS.2050.002.B723---D503.Pradseq_2022_003,100548,NS.2050.002
CCTAG,S_22_09319,5986712,11764,34610,5940338,99.2%,1.0%,NS.2050.002.B723---D503.Pradseq_2022_003,46374,NS.2050.002
TGGCTA,S_22_09344,9596794,13734,53449,9529611,99.3%,1.6%,NS.2050.002.B723---D503.Pradseq_2022_003,67183,NS.2050.002
TCACG,S_22_09364,10632068,28054,59427,10544587,99.2%,1.8%,NS.2050.002.B723---D503.Pradseq_2022_003,87481,NS.2050.002
GAGGA,S_22_09419,9156998,52184,52741,9052073,98.9%,1.5%,NS.2050.002.B723---D503.Pradseq_2022_003,104925,NS.2050.002
ACGTGTT,S_22_09202,10741336,21665,61745,10657926,99.2%,1.8%,NS.2050.002.B723---D503.Pradseq_2022_003,83410,NS.2050.002
TACAT,S_22_09209,11026322,61404,65944,10898974,98.8%,1.8%,NS.2050.002.B723---D503.Pradseq_2022_003,127348,NS.2050.002
CCATGGGT,S_22_09227,21519332,41262,127272,21350798,99.2%,3.6%,NS.2050.002.B723---D503.Pradseq_2022_003,168534,NS.2050.002
TTCAGA,S_22_09234_rep,7673220,5977,39336,7627907,99.4%,1.3%,NS.2050.002.B723---D503.Pradseq_2022_003,45313,NS.2050.002
ACAAA,S_22_09248,8290858,131821,51715,8107322,97.8%,1.3%,NS.2050.002.B723---D503.Pradseq_2022_003,183536,NS.2050.002
GCTTA,S_22_09249,10861136,23614,60339,10777183,99.2%,1.8%,NS.2050.002.B723---D503.Pradseq_2022_003,83953,NS.2050.002
GAGATA,S_22_09252,7152238,8477,40203,7103558,99.3%,1.2%,NS.2050.002.B723---D503.Pradseq_2022_003,48680,NS.2050.002
CCACAA,S_22_09255,8251614,24287,47550,8179777,99.1%,1.4%,NS.2050.002.B723---D503.Pradseq_2022_003,71837,NS.2050.002
TAATA,S_22_09262,8574454,64202,53013,8457239,98.6%,1.4%,NS.2050.002.B723---D503.Pradseq_2022_003,117215,NS.2050.002
AATATGG,S_22_09265,6934352,24254,45287,6864811,99.0%,1.1%,NS.2050.002.B723---D503.Pradseq_2022_003,69541,NS.2050.002
GAACTTG,S_22_09272,8693764,15887,48168,8629709,99.3%,1.4%,NS.2050.002.B723---D503.Pradseq_2022_003,64055,NS.2050.002
CGCGGT,S_22_09280,6089888,9468,36212,6044208,99.2%,1.0%,NS.2050.002.B723---D503.Pradseq_2022_003,45680,NS.2050.002
GGTGT,S_22_09286,13237700,26743,71770,13139187,99.3%,2.2%,NS.2050.002.B723---D503.Pradseq_2022_003,98513,NS.2050.002
ATGAAAG,S_22_09287,5482960,12044,31662,5439254,99.2%,0.9%,NS.2050.002.B723---D503.Pradseq_2022_003,43706,NS.2050.002
AGGAT,S_22_09294,7524762,32963,65164,7426635,98.7%,1.2%,NS.2050.002.B723---D503.Pradseq_2022_003,98127,NS.2050.002
AGGAT,S_22_00040,5519290,27470,66842,5424978,98.3%,1.1%,NS.2050.002.B724---D501.Pradseq_2022_004,94312,NS.2050.002
GCGGAAT,S_22_00143,6819556,32796,63985,6722775,98.6%,1.4%,NS.2050.002.B724---D501.Pradseq_2022_004,96781,NS.2050.002
AGTGGA,S_22_07685,3432562,17747,31768,3383047,98.6%,0.7%,NS.2050.002.B724---D501.Pradseq_2022_004,49515,NS.2050.002
TCTGTGA,S_22_07695,2679528,23407,38741,2617380,97.7%,0.5%,NS.2050.002.B724---D501.Pradseq_2022_004,62148,NS.2050.002
CATAAGT,S_22_07703,4861886,12851,40262,4808773,98.9%,1.0%,NS.2050.002.B724---D501.Pradseq_2022_004,53113,NS.2050.002
ATTAATT,S_22_07708,2801008,17618,30412,2752978,98.3%,0.6%,NS.2050.002.B724---D501.Pradseq_2022_004,48030,NS.2050.002
ATTGGAT,S_22_07714,3026134,21556,37349,2967229,98.1%,0.6%,NS.2050.002.B724---D501.Pradseq_2022_004,58905,NS.2050.002
CCATGGGT,S_22_00002,3720096,25501,43822,3650773,98.1%,0.7%,NS.2050.002.B724---D501.Pradseq_2022_004,69323,NS.2050.002
CCTAG,S_22_00018,2788230,10308,24800,2753122,98.7%,0.6%,NS.2050.002.B724---D501.Pradseq_2022_004,35108,NS.2050.002
TCTCAGTG,S_22_00028,11953556,37506,91651,11824399,98.9%,2.4%,NS.2050.002.B724---D501.Pradseq_2022_004,129157,NS.2050.002
TGGCTA,S_22_00032,5377546,14952,46451,5316143,98.9%,1.1%,NS.2050.002.B724---D501.Pradseq_2022_004,61403,NS.2050.002
GCTGTGGA,S_22_00006,6473438,9772,55754,6407912,99.0%,1.3%,NS.2050.002.B724---D501.Pradseq_2022_004,65526,NS.2050.002
TAGGAA,S_22_00017_rep,2844946,10383,26564,2807999,98.7%,0.6%,NS.2050.002.B724---D501.Pradseq_2022_004,36947,NS.2050.002
ATGCCT,S_22_00039,4635986,12300,39208,4584478,98.9%,0.9%,NS.2050.002.B724---D501.Pradseq_2022_004,51508,NS.2050.002
CGCGGT,S_22_00073,3981948,8628,30658,3942662,99.0%,0.8%,NS.2050.002.B724---D501.Pradseq_2022_004,39286,NS.2050.002
GTACTT,S_22_00077,3000924,12468,27376,2961080,98.7%,0.6%,NS.2050.002.B724---D501.Pradseq_2022_004,39844,NS.2050.002
TAGCGGA,S_22_00080,6167346,23789,56250,6087307,98.7%,1.2%,NS.2050.002.B724---D501.Pradseq_2022_004,80039,NS.2050.002
CTTCCA,S_22_00082,4240354,8979,32458,4198917,99.0%,0.8%,NS.2050.002.B724---D501.Pradseq_2022_004,41437,NS.2050.002
GATG,S_22_00095,8414146,108533,63351,8242262,98.0%,1.7%,NS.2050.002.B724---D501.Pradseq_2022_004,171884,NS.2050.002
GGACCTA,S_22_00125,5351876,12860,49069,5289947,98.8%,1.1%,NS.2050.002.B724---D501.Pradseq_2022_004,61929,NS.2050.002
AACT,S_22_00088,5566532,172461,51619,5342452,96.0%,1.1%,NS.2050.002.B724---D501.Pradseq_2022_004,224080,NS.2050.002
CGCTGAT,S_22_00094,6923600,17043,60231,6846326,98.9%,1.4%,NS.2050.002.B724---D501.Pradseq_2022_004,77274,NS.2050.002
TGCA,S_22_00101,3192146,173400,32830,2985916,93.5%,0.6%,NS.2050.002.B724---D501.Pradseq_2022_004,206230,NS.2050.002
CTATTA,S_22_00108,2651984,21363,33479,2597142,97.9%,0.5%,NS.2050.002.B724---D501.Pradseq_2022_004,54842,NS.2050.002
CGCGATAT,S_22_00132,1613940,10689,20423,1582828,98.1%,0.3%,NS.2050.002.B724---D501.Pradseq_2022_004,31112,NS.2050.002
TATTTTT,S_22_00136,4640322,18613,45598,4576111,98.6%,0.9%,NS.2050.002.B724---D501.Pradseq_2022_004,64211,NS.2050.002
GTCAA,S_22_00162,2564858,36382,30087,2498389,97.4%,0.5%,NS.2050.002.B724---D501.Pradseq_2022_004,66469,NS.2050.002
TAATA,S_22_00168,4218986,71655,44176,4103155,97.3%,0.8%,NS.2050.002.B724---D501.Pradseq_2022_004,115831,NS.2050.002
TGGTACGT,S_22_00195,10134162,29140,78329,10026693,98.9%,2.0%,NS.2050.002.B724---D501.Pradseq_2022_004,107469,NS.2050.002
CATCT,S_22_00196,7191848,66413,56260,7069175,98.3%,1.4%,NS.2050.002.B724---D501.Pradseq_2022_004,122673,NS.2050.002
GCTTA,S_22_00202,4690426,28571,38836,4623019,98.6%,0.9%,NS.2050.002.B724---D501.Pradseq_2022_004,67407,NS.2050.002
TATCGGGA,S_22_00203,7334834,17212,58539,7259083,99.0%,1.5%,NS.2050.002.B724---D501.Pradseq_2022_004,75751,NS.2050.002
TAACGA,S_22_00215,5976682,32164,47731,5896787,98.7%,1.2%,NS.2050.002.B724---D501.Pradseq_2022_004,79895,NS.2050.002
CTGTA,S_22_00218,5501208,35377,47219,5418612,98.5%,1.1%,NS.2050.002.B724---D501.Pradseq_2022_004,82596,NS.2050.002
CGTGTGGT,S_22_00258,5503854,30079,55703,5418072,98.4%,1.1%,NS.2050.002.B724---D501.Pradseq_2022_004,85782,NS.2050.002
CGAT,S_22_00176,3035716,164790,36286,2834640,93.4%,0.6%,NS.2050.002.B724---D501.Pradseq_2022_004,201076,NS.2050.002
TCGTT,S_22_00178,1840894,21232,21909,1797753,97.7%,0.4%,NS.2050.002.B724---D501.Pradseq_2022_004,43141,NS.2050.002
ACGTGGTA,S_22_00237,4375892,18113,43058,4314721,98.6%,0.9%,NS.2050.002.B724---D501.Pradseq_2022_004,61171,NS.2050.002
CCACAA,S_22_00254,1085126,14535,7741,1062850,97.9%,0.2%,NS.2050.002.B724---D501.Pradseq_2022_004,22276,NS.2050.002
GCGT,S_22_00279,5898346,61943,49809,5786594,98.1%,1.2%,NS.2050.002.B724---D501.Pradseq_2022_004,111752,NS.2050.002
ACAGGGA,S_22_08028,558096,5847,8341,543908,97.5%,0.1%,NS.2050.002.B724---D501.Pradseq_2022_004,14188,NS.2050.002
GCCAGT,S_22_08030,4207934,14048,32341,4161545,98.9%,0.8%,NS.2050.002.B724---D501.Pradseq_2022_004,46389,NS.2050.002
AGCG,S_22_08032,6145580,81699,50333,6013548,97.9%,1.2%,NS.2050.002.B724---D501.Pradseq_2022_004,132032,NS.2050.002
TAGGCCAT,S_22_08033,1682122,22652,50615,1608855,95.6%,0.3%,NS.2050.002.B724---D501.Pradseq_2022_004,73267,NS.2050.002
GTAA,S_22_08035,7109750,122045,80208,6907497,97.2%,1.4%,NS.2050.002.B724---D501.Pradseq_2022_004,202253,NS.2050.002
AGCCG,S_22_08038,1120170,17972,13561,1088637,97.2%,0.2%,NS.2050.002.B724---D501.Pradseq_2022_004,31533,NS.2050.002
CGCCTTAT,S_22_08041,3568646,32024,35866,3500756,98.1%,0.7%,NS.2050.002.B724---D501.Pradseq_2022_004,67890,NS.2050.002
TTCCTGGA,S_22_08042,2330534,27564,32730,2270240,97.4%,0.5%,NS.2050.002.B724---D501.Pradseq_2022_004,60294,NS.2050.002
CGCTT,S_22_08053,2025514,33817,24638,1967059,97.1%,0.4%,NS.2050.002.B724---D501.Pradseq_2022_004,58455,NS.2050.002
CCACGT,S_22_08054,2705816,33304,26522,2645990,97.8%,0.5%,NS.2050.002.B724---D501.Pradseq_2022_004,59826,NS.2050.002
CTACGGA,S_22_08059,9217952,22417,81643,9113892,98.9%,1.8%,NS.2050.002.B724---D501.Pradseq_2022_004,104060,NS.2050.002
GGTGT,S_22_08070,3752006,29585,33956,3688465,98.3%,0.7%,NS.2050.002.B724---D501.Pradseq_2022_004,63541,NS.2050.002
CTTGCTT,S_22_08071,4967582,25104,49696,4892782,98.5%,1.0%,NS.2050.002.B724---D501.Pradseq_2022_004,74800,NS.2050.002
AACCGAGA,S_22_08075,1256464,17573,19030,1219861,97.1%,0.2%,NS.2050.002.B724---D501.Pradseq_2022_004,36603,NS.2050.002
AACGCCT,S_22_08076,6633222,13898,58571,6560753,98.9%,1.3%,NS.2050.002.B724---D501.Pradseq_2022_004,72469,NS.2050.002
GCTCTA,S_22_08088,5648254,12485,44961,5590808,99.0%,1.1%,NS.2050.002.B724---D501.Pradseq_2022_004,57446,NS.2050.002
TGCTGGA,S_22_08110,3943376,18171,35939,3889266,98.6%,0.8%,NS.2050.002.B724---D501.Pradseq_2022_004,54110,NS.2050.002
GGAAGA,S_22_08120,4198662,9467,29172,4160023,99.1%,0.8%,NS.2050.002.B724---D501.Pradseq_2022_004,38639,NS.2050.002
AATATGG,S_22_08124,5019538,20179,45776,4953583,98.7%,1.0%,NS.2050.002.B724---D501.Pradseq_2022_004,65955,NS.2050.002
GTGAGGGT,S_22_08137,2958218,22457,33736,2902025,98.1%,0.6%,NS.2050.002.B724---D501.Pradseq_2022_004,56193,NS.2050.002
GGTTGT,S_22_08142,1528648,14315,19099,1495234,97.8%,0.3%,NS.2050.002.B724---D501.Pradseq_2022_004,33414,NS.2050.002
ATATGT,S_22_08143,4105558,27619,38268,4039671,98.4%,0.8%,NS.2050.002.B724---D501.Pradseq_2022_004,65887,NS.2050.002
TAGCATGG,S_22_08154,2440456,29891,38447,2372118,97.2%,0.5%,NS.2050.002.B724---D501.Pradseq_2022_004,68338,NS.2050.002
TTCAGA,S_22_08161,2680002,18561,35263,2626178,98.0%,0.5%,NS.2050.002.B724---D501.Pradseq_2022_004,53824,NS.2050.002
ACGTGTT,S_22_00052,4810600,17645,46426,4746529,98.7%,1.0%,NS.2050.002.B724---D501.Pradseq_2022_004,64071,NS.2050.002
ATCGTA,S_22_00121,4129364,16144,32838,4080382,98.8%,0.8%,NS.2050.002.B724---D501.Pradseq_2022_004,48982,NS.2050.002
ACCGT,S_22_00200,7409050,42060,58494,7308496,98.6%,1.5%,NS.2050.002.B724---D501.Pradseq_2022_004,100554,NS.2050.002
GAGATA,S_22_00234,3264924,10683,31280,3222961,98.7%,0.7%,NS.2050.002.B724---D501.Pradseq_2022_004,41963,NS.2050.002
TACAT,S_22_00235,7255732,76687,80863,7098182,97.8%,1.4%,NS.2050.002.B724---D501.Pradseq_2022_004,157550,NS.2050.002
GTCGATT,S_22_00291,1251340,19804,31047,1200489,95.9%,0.2%,NS.2050.002.B724---D501.Pradseq_2022_004,50851,NS.2050.002
ACTA,S_22_00301,1771944,129753,30682,1611509,90.9%,0.3%,NS.2050.002.B724---D501.Pradseq_2022_004,160435,NS.2050.002
CTCG,S_22_00306,910834,53995,19001,837838,92.0%,0.2%,NS.2050.002.B724---D501.Pradseq_2022_004,72996,NS.2050.002
ATGAAAG,S_22_08284,3457518,21948,34532,3401038,98.4%,0.7%,NS.2050.002.B724---D501.Pradseq_2022_004,56480,NS.2050.002
GTATT,S_22_08287,4541758,29609,38579,4473570,98.5%,0.9%,NS.2050.002.B724---D501.Pradseq_2022_004,68188,NS.2050.002
GAACTTG,S_22_08295,2591618,24061,30051,2537506,97.9%,0.5%,NS.2050.002.B724---D501.Pradseq_2022_004,54112,NS.2050.002
CTAGG,S_22_08305,7360710,63524,71479,7225707,98.2%,1.5%,NS.2050.002.B724---D501.Pradseq_2022_004,135003,NS.2050.002
GAATTCA,S_22_08315,3926778,24950,38442,3863386,98.4%,0.8%,NS.2050.002.B724---D501.Pradseq_2022_004,63392,NS.2050.002
CGCGGAGA,S_22_08328,3793394,32921,52924,3707549,97.7%,0.8%,NS.2050.002.B724---D501.Pradseq_2022_004,85845,NS.2050.002
CGGTAGA,S_22_08345,1641146,23072,27688,1590386,96.9%,0.3%,NS.2050.002.B724---D501.Pradseq_2022_004,50760,NS.2050.002
GTTGAA,S_22_09611,5049136,4174,54397,4990565,98.8%,1.0%,NS.2050.002.B724---D501.Pradseq_2022_004,58571,NS.2050.002
TCAG,S_22_09297,7785926,41303,56619,7688004,98.7%,1.6%,NS.2050.002.B724---D501.Pradseq_2022_004,97922,NS.2050.002
CATCGT,S_22_09324,9415774,25828,64721,9325225,99.0%,1.9%,NS.2050.002.B724---D501.Pradseq_2022_004,90549,NS.2050.002
ACGACTAG,S_22_09326,8556476,15470,59041,8481965,99.1%,1.7%,NS.2050.002.B724---D501.Pradseq_2022_004,74511,NS.2050.002
TTCTG,S_22_09352,9072686,20338,59403,8992945,99.1%,1.8%,NS.2050.002.B724---D501.Pradseq_2022_004,79741,NS.2050.002
GAGGA,S_22_09362,8168568,42466,58405,8067697,98.8%,1.6%,NS.2050.002.B724---D501.Pradseq_2022_004,100871,NS.2050.002
ATTGA,S_22_09367,7597102,30282,48362,7518458,99.0%,1.5%,NS.2050.002.B724---D501.Pradseq_2022_004,78644,NS.2050.002
CAGA,S_22_09376,5147272,100050,37110,5010112,97.3%,1.0%,NS.2050.002.B724---D501.Pradseq_2022_004,137160,NS.2050.002
ACCTAA,S_22_09401,7660772,14803,51507,7594462,99.1%,1.5%,NS.2050.002.B724---D501.Pradseq_2022_004,66310,NS.2050.002
TGCAAGGA,S_22_09436,19071092,26360,138109,18906623,99.1%,3.8%,NS.2050.002.B724---D501.Pradseq_2022_004,164469,NS.2050.002
TGCGA,S_22_09453,9596712,9357,61981,9525374,99.3%,1.9%,NS.2050.002.B724---D501.Pradseq_2022_004,71338,NS.2050.002
AAAAGTT,S_22_09236,8960294,45258,58462,8856574,98.8%,1.8%,NS.2050.002.B724---D501.Pradseq_2022_004,103720,NS.2050.002
TCGAAGA,S_22_09244,8570144,22838,59210,8488096,99.0%,1.7%,NS.2050.002.B724---D501.Pradseq_2022_004,82048,NS.2050.002
GGATTGGT,S_22_09246,8633284,8603,55345,8569336,99.3%,1.7%,NS.2050.002.B724---D501.Pradseq_2022_004,63948,NS.2050.002
TCACG,S_22_09264,8896372,37231,64175,8794966,98.9%,1.8%,NS.2050.002.B724---D501.Pradseq_2022_004,101406,NS.2050.002
ACAAA,S_22_09285,7897440,128532,56664,7712244,97.7%,1.6%,NS.2050.002.B724---D501.Pradseq_2022_004,185196,NS.2050.002
GGAAG,S_22_09295,13709322,65634,93299,13550389,98.8%,2.7%,NS.2050.002.B724---D501.Pradseq_2022_004,158933,NS.2050.002
ATATGT,S_22_07692,6040524,33617,66500,5940407,98.3%,1.0%,NS.2050.002.B724---D502.Pradseq_2022_005,100117,NS.2050.002
TGCAAGGA,S_22_00059,14602542,21362,127179,14454001,99.0%,2.4%,NS.2050.002.B724---D502.Pradseq_2022_005,148541,NS.2050.002
GTCGATT,S_22_00016,7148974,14576,62414,7071984,98.9%,1.2%,NS.2050.002.B724---D502.Pradseq_2022_005,76990,NS.2050.002
TCGTT,S_22_00028_rep,7157930,24333,59923,7073674,98.8%,1.2%,NS.2050.002.B724---D502.Pradseq_2022_005,84256,NS.2050.002
TTCTG,S_22_00034,4828500,24648,51873,4751979,98.4%,0.8%,NS.2050.002.B724---D502.Pradseq_2022_005,76521,NS.2050.002
TGCGA,S_22_00014,10302646,17923,84044,10200679,99.0%,1.7%,NS.2050.002.B724---D502.Pradseq_2022_005,101967,NS.2050.002
CGCGGT,S_22_00019,5264252,14692,47878,5201682,98.8%,0.9%,NS.2050.002.B724---D502.Pradseq_2022_005,62570,NS.2050.002
ACCGT,S_22_00030,6042544,39659,66835,5936050,98.2%,1.0%,NS.2050.002.B724---D502.Pradseq_2022_005,106494,NS.2050.002
ACGTGTT,S_22_00061,5705678,16713,62111,5626854,98.6%,0.9%,NS.2050.002.B724---D502.Pradseq_2022_005,78824,NS.2050.002
CATCGT,S_22_00140,2660116,24293,26833,2608990,98.1%,0.4%,NS.2050.002.B724---D502.Pradseq_2022_005,51126,NS.2050.002
TGGTACGT,S_22_00161,5751198,25689,62104,5663405,98.5%,0.9%,NS.2050.002.B724---D502.Pradseq_2022_005,87793,NS.2050.002
TAATA,S_22_00086,7739532,56268,62013,7621251,98.5%,1.3%,NS.2050.002.B724---D502.Pradseq_2022_005,118281,NS.2050.002
TACAT,S_22_00112,4089142,67934,58637,3962571,96.9%,0.7%,NS.2050.002.B724---D502.Pradseq_2022_005,126571,NS.2050.002
CGCGATAT,S_22_00146,5085944,16470,54140,5015334,98.6%,0.8%,NS.2050.002.B724---D502.Pradseq_2022_005,70610,NS.2050.002
CTATTA,S_22_00149_rep,7622420,16526,62638,7543256,99.0%,1.3%,NS.2050.002.B724---D502.Pradseq_2022_005,79164,NS.2050.002
AGCG,S_22_00164,3326082,94126,33570,3198386,96.2%,0.5%,NS.2050.002.B724---D502.Pradseq_2022_005,127696,NS.2050.002
TAGCATGG,S_22_00171,10377040,30381,92789,10253870,98.8%,1.7%,NS.2050.002.B724---D502.Pradseq_2022_005,123170,NS.2050.002
TAGGAA,S_22_00175,3122642,21939,35409,3065294,98.2%,0.5%,NS.2050.002.B724---D502.Pradseq_2022_005,57348,NS.2050.002
CTAGG,S_22_00180,2905906,38109,33357,2834440,97.5%,0.5%,NS.2050.002.B724---D502.Pradseq_2022_005,71466,NS.2050.002
TAGCGGA,S_22_00213,6413298,68146,78398,6266754,97.7%,1.0%,NS.2050.002.B724---D502.Pradseq_2022_005,146544,NS.2050.002
TCTGTGA,S_22_00225,7705676,21283,68711,7615682,98.8%,1.3%,NS.2050.002.B724---D502.Pradseq_2022_005,89994,NS.2050.002
GCGT,S_22_00247,2357290,84742,41292,2231256,94.7%,0.4%,NS.2050.002.B724---D502.Pradseq_2022_005,126034,NS.2050.002
GTATT,S_22_00188,6660202,35442,62454,6562306,98.5%,1.1%,NS.2050.002.B724---D502.Pradseq_2022_005,97896,NS.2050.002
TAACGA,S_22_00212,7268774,38352,67458,7162964,98.5%,1.2%,NS.2050.002.B724---D502.Pradseq_2022_005,105810,NS.2050.002
ATGAAAG,S_22_00220,6771068,16958,56283,6697827,98.9%,1.1%,NS.2050.002.B724---D502.Pradseq_2022_005,73241,NS.2050.002
CGCTGAT,S_22_00307,342730,14361,18599,309770,90.4%,0.1%,NS.2050.002.B724---D502.Pradseq_2022_005,32960,NS.2050.002
ATTGGAT,S_22_08016,7437192,22823,60081,7354288,98.9%,1.2%,NS.2050.002.B724---D502.Pradseq_2022_005,82904,NS.2050.002
GTACTT,S_22_08021,3720120,24962,44451,3650707,98.1%,0.6%,NS.2050.002.B724---D502.Pradseq_2022_005,69413,NS.2050.002
AACGCCT,S_22_08022,7463080,53966,91626,7317488,98.0%,1.2%,NS.2050.002.B724---D502.Pradseq_2022_005,145592,NS.2050.002
TTCAGA,S_22_08036,3016716,13786,32363,2970567,98.5%,0.5%,NS.2050.002.B724---D502.Pradseq_2022_005,46149,NS.2050.002
ACCTAA,S_22_08044,929778,14127,13664,901987,97.0%,0.2%,NS.2050.002.B724---D502.Pradseq_2022_005,27791,NS.2050.002
CTTCCA,S_22_08047,1161022,13128,17221,1130673,97.4%,0.2%,NS.2050.002.B724---D502.Pradseq_2022_005,30349,NS.2050.002
CGTGTGGT,S_22_08060,9077230,17689,78818,8980723,98.9%,1.5%,NS.2050.002.B724---D502.Pradseq_2022_005,96507,NS.2050.002
ACTA,S_22_08062,1284450,97432,18424,1168594,91.0%,0.2%,NS.2050.002.B724---D502.Pradseq_2022_005,115856,NS.2050.002
AGGAT,S_22_08068,2780814,28024,46025,2706765,97.3%,0.5%,NS.2050.002.B724---D502.Pradseq_2022_005,74049,NS.2050.002
ACGTGGTA,S_22_08069,1992658,8279,23192,1961187,98.4%,0.3%,NS.2050.002.B724---D502.Pradseq_2022_005,31471,NS.2050.002
AGTGGA,S_22_08082,3151118,23737,33107,3094274,98.2%,0.5%,NS.2050.002.B724---D502.Pradseq_2022_005,56844,NS.2050.002
TAGGCCAT,S_22_08084,7269788,16148,100116,7153524,98.4%,1.2%,NS.2050.002.B724---D502.Pradseq_2022_005,116264,NS.2050.002
GGAAG,S_22_08087,4718104,72685,49701,4595718,97.4%,0.8%,NS.2050.002.B724---D502.Pradseq_2022_005,122386,NS.2050.002
CCACGT,S_22_08089,940562,33007,13433,894122,95.1%,0.1%,NS.2050.002.B724---D502.Pradseq_2022_005,46440,NS.2050.002
ATTAATT,S_22_08099,3633542,9682,36060,3587800,98.7%,0.6%,NS.2050.002.B724---D502.Pradseq_2022_005,45742,NS.2050.002
TGGCTA,S_22_08100,1190770,6212,12219,1172339,98.5%,0.2%,NS.2050.002.B724---D502.Pradseq_2022_005,18431,NS.2050.002
ATCGTA,S_22_08105,1760398,22727,22195,1715476,97.4%,0.3%,NS.2050.002.B724---D502.Pradseq_2022_005,44922,NS.2050.002
CCATGGGT,S_22_08109,7400198,20367,71523,7308308,98.8%,1.2%,NS.2050.002.B724---D502.Pradseq_2022_005,91890,NS.2050.002
TATTTTT,S_22_08122,9551620,26111,79614,9445895,98.9%,1.6%,NS.2050.002.B724---D502.Pradseq_2022_005,105725,NS.2050.002
GGTTGT,S_22_08138,3174006,28135,46003,3099868,97.7%,0.5%,NS.2050.002.B724---D502.Pradseq_2022_005,74138,NS.2050.002
ACAGGGA,S_22_08149,2554274,13825,26905,2513544,98.4%,0.4%,NS.2050.002.B724---D502.Pradseq_2022_005,40730,NS.2050.002
ACAAA,S_22_08151,3306988,101525,48022,3157441,95.5%,0.5%,NS.2050.002.B724---D502.Pradseq_2022_005,149547,NS.2050.002
GAACTTG,S_22_08155,3660102,28677,46342,3585083,98.0%,0.6%,NS.2050.002.B724---D502.Pradseq_2022_005,75019,NS.2050.002
GTCAA,S_22_08157,2643258,40916,38450,2563892,97.0%,0.4%,NS.2050.002.B724---D502.Pradseq_2022_005,79366,NS.2050.002
ACGACTAG,S_22_08158,2117384,20861,30924,2065599,97.6%,0.3%,NS.2050.002.B724---D502.Pradseq_2022_005,51785,NS.2050.002
TGCA,S_22_08163,4302088,138408,37991,4125689,95.9%,0.7%,NS.2050.002.B724---D502.Pradseq_2022_005,176399,NS.2050.002
CGAT,S_22_00048,6109770,161006,59244,5889520,96.4%,1.0%,NS.2050.002.B724---D502.Pradseq_2022_005,220250,NS.2050.002
CATCT,S_22_00050,7859240,57594,67193,7734453,98.4%,1.3%,NS.2050.002.B724---D502.Pradseq_2022_005,124787,NS.2050.002
TCTCAGTG,S_22_00107,9650076,34985,91601,9523490,98.7%,1.6%,NS.2050.002.B724---D502.Pradseq_2022_005,126586,NS.2050.002
CATAAGT,S_22_00199,9963826,24066,86802,9852958,98.9%,1.6%,NS.2050.002.B724---D502.Pradseq_2022_005,110868,NS.2050.002
CGGTAGA,S_22_00229,4833076,27768,62538,4742770,98.1%,0.8%,NS.2050.002.B724---D502.Pradseq_2022_005,90306,NS.2050.002
GCTGTGGA,S_22_00232,7302890,19718,71874,7211298,98.7%,1.2%,NS.2050.002.B724---D502.Pradseq_2022_005,91592,NS.2050.002
GGTGT,S_22_00298,2552836,50184,50275,2452377,96.1%,0.4%,NS.2050.002.B724---D502.Pradseq_2022_005,100459,NS.2050.002
GGAAGA,S_22_07690,4161684,8788,40345,4112551,98.8%,0.7%,NS.2050.002.B724---D502.Pradseq_2022_005,49133,NS.2050.002
CTACGGA,S_22_08280,11586320,18972,92496,11474852,99.0%,1.9%,NS.2050.002.B724---D502.Pradseq_2022_005,111468,NS.2050.002
CTGTA,S_22_08282,6184102,53009,65319,6065774,98.1%,1.0%,NS.2050.002.B724---D502.Pradseq_2022_005,118328,NS.2050.002
CAGA,S_22_08291,4211344,135799,44676,4030869,95.7%,0.7%,NS.2050.002.B724---D502.Pradseq_2022_005,180475,NS.2050.002
AAAAGTT,S_22_08309,6236658,36623,48298,6151737,98.6%,1.0%,NS.2050.002.B724---D502.Pradseq_2022_005,84921,NS.2050.002
CGCGGAGA,S_22_08313,5224272,26188,55094,5142990,98.4%,0.9%,NS.2050.002.B724---D502.Pradseq_2022_005,81282,NS.2050.002
TCGAAGA,S_22_08330,4966508,39904,65373,4861231,97.9%,0.8%,NS.2050.002.B724---D502.Pradseq_2022_005,105277,NS.2050.002
GCCAGT,S_22_09612,1961354,6126,22713,1932515,98.5%,0.3%,NS.2050.002.B724---D502.Pradseq_2022_005,28839,NS.2050.002
TTCCTGGA,S_22_09615,4888868,6426,63237,4819205,98.6%,0.8%,NS.2050.002.B724---D502.Pradseq_2022_005,69663,NS.2050.002
ATGCCT,S_22_09619,5639240,5585,51978,5581677,99.0%,0.9%,NS.2050.002.B724---D502.Pradseq_2022_005,57563,NS.2050.002
GTAA,S_22_09624,1880502,105503,40969,1734030,92.2%,0.3%,NS.2050.002.B724---D502.Pradseq_2022_005,146472,NS.2050.002
AACCGAGA,S_22_09321,11058372,34359,97059,10926954,98.8%,1.8%,NS.2050.002.B724---D502.Pradseq_2022_005,131418,NS.2050.002
CTCG,S_22_09334,4570060,64661,33430,4471969,97.9%,0.7%,NS.2050.002.B724---D502.Pradseq_2022_005,98091,NS.2050.002
GAGATA,S_22_09368,7697696,13001,57653,7627042,99.1%,1.3%,NS.2050.002.B724---D502.Pradseq_2022_005,70654,NS.2050.002
GGACCTA,S_22_09377,7523380,14046,57290,7452044,99.1%,1.2%,NS.2050.002.B724---D502.Pradseq_2022_005,71336,NS.2050.002
GGATTGGT,S_22_09392,7315152,5487,49850,7259815,99.2%,1.2%,NS.2050.002.B724---D502.Pradseq_2022_005,55337,NS.2050.002
AATATGG,S_22_09402,8488384,17785,62188,8408411,99.1%,1.4%,NS.2050.002.B724---D502.Pradseq_2022_005,79973,NS.2050.002
CCTAG,S_22_09422,6101476,8296,44321,6048859,99.1%,1.0%,NS.2050.002.B724---D502.Pradseq_2022_005,52617,NS.2050.002
GAGGA,S_22_09434,8654654,62333,66384,8525937,98.5%,1.4%,NS.2050.002.B724---D502.Pradseq_2022_005,128717,NS.2050.002
AGCCG,S_22_09440,5445512,23843,43316,5378353,98.8%,0.9%,NS.2050.002.B724---D502.Pradseq_2022_005,67159,NS.2050.002
TCACG,S_22_09200,6269610,25302,46272,6198036,98.9%,1.0%,NS.2050.002.B724---D502.Pradseq_2022_005,71574,NS.2050.002
GTTGAA,S_22_09205,6474828,5502,46648,6422678,99.2%,1.1%,NS.2050.002.B724---D502.Pradseq_2022_005,52150,NS.2050.002
TCAG,S_22_09207,8294454,51596,61089,8181769,98.6%,1.4%,NS.2050.002.B724---D502.Pradseq_2022_005,112685,NS.2050.002
GTGAGGGT,S_22_09208,9994610,9670,68517,9916423,99.2%,1.7%,NS.2050.002.B724---D502.Pradseq_2022_005,78187,NS.2050.002
CTTGCTT,S_22_09211,10413358,10699,75538,10327121,99.2%,1.7%,NS.2050.002.B724---D502.Pradseq_2022_005,86237,NS.2050.002
GATG,S_22_09215,9640172,133088,72339,9434745,97.9%,1.6%,NS.2050.002.B724---D502.Pradseq_2022_005,205427,NS.2050.002
ATTGA,S_22_09221,7121956,40135,55068,7026753,98.7%,1.2%,NS.2050.002.B724---D502.Pradseq_2022_005,95203,NS.2050.002
CGCCTTAT,S_22_09226,16239498,15776,113404,16110318,99.2%,2.7%,NS.2050.002.B724---D502.Pradseq_2022_005,129180,NS.2050.002
CGCTT,S_22_09228,12400866,57416,90156,12253294,98.8%,2.0%,NS.2050.002.B724---D502.Pradseq_2022_005,147572,NS.2050.002
TATCGGGA,S_22_09231,9358210,11907,69188,9277115,99.1%,1.5%,NS.2050.002.B724---D502.Pradseq_2022_005,81095,NS.2050.002
GCGGAAT,S_22_09237,14574596,20602,110294,14443700,99.1%,2.4%,NS.2050.002.B724---D502.Pradseq_2022_005,130896,NS.2050.002
GCTTA,S_22_09240,10042874,21027,69720,9952127,99.1%,1.7%,NS.2050.002.B724---D502.Pradseq_2022_005,90747,NS.2050.002
AACT,S_22_09243,8988826,154242,72853,8761731,97.5%,1.5%,NS.2050.002.B724---D502.Pradseq_2022_005,227095,NS.2050.002
CCACAA,S_22_09250,8919620,24976,64742,8829902,99.0%,1.5%,NS.2050.002.B724---D502.Pradseq_2022_005,89718,NS.2050.002
TGCTGGA,S_22_09254,15529610,13138,108737,15407735,99.2%,2.6%,NS.2050.002.B724---D502.Pradseq_2022_005,121875,NS.2050.002
GAATTCA,S_22_09274,6935372,10627,52938,6871807,99.1%,1.1%,NS.2050.002.B724---D502.Pradseq_2022_005,63565,NS.2050.002
GCTCTA,S_22_09275,7971004,9636,57191,7904177,99.2%,1.3%,NS.2050.002.B724---D502.Pradseq_2022_005,66827,NS.2050.002
AGGAT,S_22_00081,7209494,26766,89212,7093516,98.4%,1.5%,NS.2050.002.B724---D503.Pradseq_2022_006,115978,NS.2050.002
GTGAGGGT,S_22_00300,2353988,7772,18963,2327253,98.9%,0.5%,NS.2050.002.B724---D503.Pradseq_2022_006,26735,NS.2050.002
ATGCCT,S_22_07689,3570556,18213,40567,3511776,98.4%,0.7%,NS.2050.002.B724---D503.Pradseq_2022_006,58780,NS.2050.002
GCGGAAT,S_22_00053,6594136,21966,62539,6509631,98.7%,1.4%,NS.2050.002.B724---D503.Pradseq_2022_006,84505,NS.2050.002
TAGGCCAT,S_22_00072,6056740,15697,83666,5957377,98.4%,1.2%,NS.2050.002.B724---D503.Pradseq_2022_006,99363,NS.2050.002
ATTAATT,S_22_00110,4566450,23437,47406,4495607,98.4%,0.9%,NS.2050.002.B724---D503.Pradseq_2022_006,70843,NS.2050.002
ACGTGGTA,S_22_00115,4572354,15710,41960,4514684,98.7%,0.9%,NS.2050.002.B724---D503.Pradseq_2022_006,57670,NS.2050.002
TGCGA,S_22_00117,5395548,14462,43937,5337149,98.9%,1.1%,NS.2050.002.B724---D503.Pradseq_2022_006,58399,NS.2050.002
TTCAGA,S_22_00005,3773676,7508,28837,3737331,99.0%,0.8%,NS.2050.002.B724---D503.Pradseq_2022_006,36345,NS.2050.002
GGAAGA,S_22_00009,1731442,8315,18291,1704836,98.5%,0.4%,NS.2050.002.B724---D503.Pradseq_2022_006,26606,NS.2050.002
TAATA,S_22_00044,4925052,57559,41675,4825818,98.0%,1.0%,NS.2050.002.B724---D503.Pradseq_2022_006,99234,NS.2050.002
ACCGT,S_22_00047,3295372,33754,31577,3230041,98.0%,0.7%,NS.2050.002.B724---D503.Pradseq_2022_006,65331,NS.2050.002
CCTAG,S_22_00007,3415916,7383,27900,3380633,99.0%,0.7%,NS.2050.002.B724---D503.Pradseq_2022_006,35283,NS.2050.002
GAGGA,S_22_00011,4220464,35335,36055,4149074,98.3%,0.9%,NS.2050.002.B724---D503.Pradseq_2022_006,71390,NS.2050.002
CATCT,S_22_00025,3671336,37547,31529,3602260,98.1%,0.8%,NS.2050.002.B724---D503.Pradseq_2022_006,69076,NS.2050.002
CTTGCTT,S_22_00026,3855588,7092,31058,3817438,99.0%,0.8%,NS.2050.002.B724---D503.Pradseq_2022_006,38150,NS.2050.002
CGTGTGGT,S_22_00037,6343320,11076,52326,6279918,99.0%,1.3%,NS.2050.002.B724---D503.Pradseq_2022_006,63402,NS.2050.002
CATCGT,S_22_00069,3127884,17865,30672,3079347,98.4%,0.6%,NS.2050.002.B724---D503.Pradseq_2022_006,48537,NS.2050.002
AGTGGA,S_22_00089,3817132,8078,29503,3779551,99.0%,0.8%,NS.2050.002.B724---D503.Pradseq_2022_006,37581,NS.2050.002
GGTTGT,S_22_00129,3984878,7856,28600,3948422,99.1%,0.8%,NS.2050.002.B724---D503.Pradseq_2022_006,36456,NS.2050.002
GCGT,S_22_00148,4741840,63693,47373,4630774,97.7%,1.0%,NS.2050.002.B724---D503.Pradseq_2022_006,111066,NS.2050.002
TCTCAGTG,S_22_00085,5383074,12712,42314,5328048,99.0%,1.1%,NS.2050.002.B724---D503.Pradseq_2022_006,55026,NS.2050.002
CTGTA,S_22_00099,3127042,33729,24542,3068771,98.1%,0.6%,NS.2050.002.B724---D503.Pradseq_2022_006,58271,NS.2050.002
GAGATA,S_22_00122,2794714,15990,27019,2751705,98.5%,0.6%,NS.2050.002.B724---D503.Pradseq_2022_006,43009,NS.2050.002
CGCGATAT,S_22_00124,12134082,22377,95888,12015817,99.0%,2.5%,NS.2050.002.B724---D503.Pradseq_2022_006,118265,NS.2050.002
ATGAAAG,S_22_00127,6339590,23023,57128,6259439,98.7%,1.3%,NS.2050.002.B724---D503.Pradseq_2022_006,80151,NS.2050.002
GCTTA,S_22_00130,2041206,26203,23316,1991687,97.6%,0.4%,NS.2050.002.B724---D503.Pradseq_2022_006,49519,NS.2050.002
TGCAAGGA,S_22_00134,9017292,22831,82524,8911937,98.8%,1.9%,NS.2050.002.B724---D503.Pradseq_2022_006,105355,NS.2050.002
ATTGGAT,S_22_00138,1891878,11794,23548,1856536,98.1%,0.4%,NS.2050.002.B724---D503.Pradseq_2022_006,35342,NS.2050.002
GTCGATT,S_22_00149,7546188,10256,55213,7480719,99.1%,1.6%,NS.2050.002.B724---D503.Pradseq_2022_006,65469,NS.2050.002
CGCCTTAT,S_22_00153,1835336,23883,35119,1776334,96.8%,0.4%,NS.2050.002.B724---D503.Pradseq_2022_006,59002,NS.2050.002
TCACG,S_22_00179,4202720,24048,36787,4141885,98.6%,0.9%,NS.2050.002.B724---D503.Pradseq_2022_006,60835,NS.2050.002
ACGTGTT,S_22_00198,7300580,20323,58096,7222161,98.9%,1.5%,NS.2050.002.B724---D503.Pradseq_2022_006,78419,NS.2050.002
GGATTGGT,S_22_00223,3873926,13783,36969,3823174,98.7%,0.8%,NS.2050.002.B724---D503.Pradseq_2022_006,50752,NS.2050.002
GAATTCA,S_22_00249,4393730,30356,52188,4311186,98.1%,0.9%,NS.2050.002.B724---D503.Pradseq_2022_006,82544,NS.2050.002
AATATGG,S_22_00169,4642128,25711,50193,4566224,98.4%,1.0%,NS.2050.002.B724---D503.Pradseq_2022_006,75904,NS.2050.002
ACGACTAG,S_22_00217,3975294,21738,42506,3911050,98.4%,0.8%,NS.2050.002.B724---D503.Pradseq_2022_006,64244,NS.2050.002
TATCGGGA,S_22_00226,4339200,12213,39234,4287753,98.8%,0.9%,NS.2050.002.B724---D503.Pradseq_2022_006,51447,NS.2050.002
AAAAGTT,S_22_00278,5983452,35081,50162,5898209,98.6%,1.2%,NS.2050.002.B724---D503.Pradseq_2022_006,85243,NS.2050.002
ACAGGGA,S_22_08005,613486,6220,9803,597463,97.4%,0.1%,NS.2050.002.B724---D503.Pradseq_2022_006,16023,NS.2050.002
AGCCG,S_22_08006,2353334,18658,27928,2306748,98.0%,0.5%,NS.2050.002.B724---D503.Pradseq_2022_006,46586,NS.2050.002
AGCG,S_22_08007,664462,82730,8005,573727,86.3%,0.1%,NS.2050.002.B724---D503.Pradseq_2022_006,90735,NS.2050.002
CTACGGA,S_22_08008,1322224,19261,19036,1283927,97.1%,0.3%,NS.2050.002.B724---D503.Pradseq_2022_006,38297,NS.2050.002
CTTCCA,S_22_08020,4981728,10614,40358,4930756,99.0%,1.0%,NS.2050.002.B724---D503.Pradseq_2022_006,50972,NS.2050.002
GCTGTGGA,S_22_08039,1509888,20792,24741,1464355,97.0%,0.3%,NS.2050.002.B724---D503.Pradseq_2022_006,45533,NS.2050.002
GGTGT,S_22_08058,681114,16039,8477,656598,96.4%,0.1%,NS.2050.002.B724---D503.Pradseq_2022_006,24516,NS.2050.002
CCACAA,S_22_08061,1795238,13855,17518,1763865,98.3%,0.4%,NS.2050.002.B724---D503.Pradseq_2022_006,31373,NS.2050.002
CATAAGT,S_22_08077,1307230,4593,13339,1289298,98.6%,0.3%,NS.2050.002.B724---D503.Pradseq_2022_006,17932,NS.2050.002
CCACGT,S_22_08081,2029826,18455,21824,1989547,98.0%,0.4%,NS.2050.002.B724---D503.Pradseq_2022_006,40279,NS.2050.002
TCAG,S_22_08083,3100124,47355,25945,3026824,97.6%,0.6%,NS.2050.002.B724---D503.Pradseq_2022_006,73300,NS.2050.002
CGCGGAGA,S_22_08090,1266756,12657,18376,1235723,97.6%,0.3%,NS.2050.002.B724---D503.Pradseq_2022_006,31033,NS.2050.002
TGCTGGA,S_22_08115,8641004,11973,64003,8565028,99.1%,1.8%,NS.2050.002.B724---D503.Pradseq_2022_006,75976,NS.2050.002
ATTGA,S_22_08162,1538932,25483,19150,1494299,97.1%,0.3%,NS.2050.002.B724---D503.Pradseq_2022_006,44633,NS.2050.002
TGGCTA,S_22_00036,3915568,7498,28249,3879821,99.1%,0.8%,NS.2050.002.B724---D503.Pradseq_2022_006,35747,NS.2050.002
TATTTTT,S_22_00113,8320822,23971,68977,8227874,98.9%,1.7%,NS.2050.002.B724---D503.Pradseq_2022_006,92948,NS.2050.002
TCGTT,S_22_00205,2639240,13693,19151,2606396,98.8%,0.5%,NS.2050.002.B724---D503.Pradseq_2022_006,32844,NS.2050.002
TTCTG,S_22_00242,3548620,41033,36395,3471192,97.8%,0.7%,NS.2050.002.B724---D503.Pradseq_2022_006,77428,NS.2050.002
CTCG,S_22_00263,2099442,66011,27193,2006238,95.6%,0.4%,NS.2050.002.B724---D503.Pradseq_2022_006,93204,NS.2050.002
GTATT,S_22_00297,1546426,20496,23758,1502172,97.1%,0.3%,NS.2050.002.B724---D503.Pradseq_2022_006,44254,NS.2050.002
TGCA,S_22_08281,5181646,115718,41674,5024254,97.0%,1.1%,NS.2050.002.B724---D503.Pradseq_2022_006,157392,NS.2050.002
GATG,S_22_08283,2230970,80005,24611,2126354,95.3%,0.4%,NS.2050.002.B724---D503.Pradseq_2022_006,104616,NS.2050.002
CTATTA,S_22_08286,2615988,14916,26721,2574351,98.4%,0.5%,NS.2050.002.B724---D503.Pradseq_2022_006,41637,NS.2050.002
TAGGAA,S_22_08292,1965870,14582,22537,1928751,98.1%,0.4%,NS.2050.002.B724---D503.Pradseq_2022_006,37119,NS.2050.002
CGAT,S_22_08302,5144936,123635,42749,4978552,96.8%,1.0%,NS.2050.002.B724---D503.Pradseq_2022_006,166384,NS.2050.002
TACAT,S_22_08311,6268122,80152,71759,6116211,97.6%,1.3%,NS.2050.002.B724---D503.Pradseq_2022_006,151911,NS.2050.002
GCCAGT,S_22_08318,3077830,13777,28650,3035403,98.6%,0.6%,NS.2050.002.B724---D503.Pradseq_2022_006,42427,NS.2050.002
CAGA,S_22_08326,2482582,78410,27475,2376697,95.7%,0.5%,NS.2050.002.B724---D503.Pradseq_2022_006,105885,NS.2050.002
CGCTT,S_22_08348,725200,31910,17185,676105,93.2%,0.1%,NS.2050.002.B724---D503.Pradseq_2022_006,49095,NS.2050.002
CCATGGGT,S_22_08376,1755216,22834,31633,1700749,96.9%,0.4%,NS.2050.002.B724---D503.Pradseq_2022_006,54467,NS.2050.002
TAGCGGA,S_22_09625,4019060,6156,36132,3976772,98.9%,0.8%,NS.2050.002.B724---D503.Pradseq_2022_006,42288,NS.2050.002
CGCGGT,S_22_09307,5244208,6291,34872,5203045,99.2%,1.1%,NS.2050.002.B724---D503.Pradseq_2022_006,41163,NS.2050.002
ATCGTA,S_22_09327,9534014,13975,68472,9451567,99.1%,2.0%,NS.2050.002.B724---D503.Pradseq_2022_006,82447,NS.2050.002
TGGTACGT,S_22_09333,14728790,20555,94951,14613284,99.2%,3.1%,NS.2050.002.B724---D503.Pradseq_2022_006,115506,NS.2050.002
TCGAAGA,S_22_09335,9410958,16158,66406,9328394,99.1%,2.0%,NS.2050.002.B724---D503.Pradseq_2022_006,82564,NS.2050.002
GTTGAA,S_22_09342,10128568,7843,65820,10054905,99.3%,2.1%,NS.2050.002.B724---D503.Pradseq_2022_006,73663,NS.2050.002
AACGCCT,S_22_09400,13039302,18119,98569,12922614,99.1%,2.7%,NS.2050.002.B724---D503.Pradseq_2022_006,116688,NS.2050.002
TTCCTGGA,S_22_09410,240268,419,2006,237843,99.0%,0.0%,NS.2050.002.B724---D503.Pradseq_2022_006,2425,NS.2050.002
TCTGTGA,S_22_09410_rep,9480876,8226,64940,9407710,99.2%,2.0%,NS.2050.002.B724---D503.Pradseq_2022_006,73166,NS.2050.002
ACCTAA,S_22_09412,8973918,16904,62216,8894798,99.1%,1.9%,NS.2050.002.B724---D503.Pradseq_2022_006,79120,NS.2050.002
GTAA,S_22_09428,10374206,111336,93052,10169818,98.0%,2.1%,NS.2050.002.B724---D503.Pradseq_2022_006,204388,NS.2050.002
CGCTGAT,S_22_09430,6360264,7021,42134,6311109,99.2%,1.3%,NS.2050.002.B724---D503.Pradseq_2022_006,49155,NS.2050.002
TAGCATGG,S_22_09444,6817488,9984,47580,6759924,99.2%,1.4%,NS.2050.002.B724---D503.Pradseq_2022_006,57564,NS.2050.002
GAACTTG,S_22_09447,4889282,9109,30939,4849234,99.2%,1.0%,NS.2050.002.B724---D503.Pradseq_2022_006,40048,NS.2050.002
AACT,S_22_09201,6908986,184299,52619,6672068,96.6%,1.4%,NS.2050.002.B724---D503.Pradseq_2022_006,236918,NS.2050.002
CTAGG,S_22_09203,12601842,35400,89781,12476661,99.0%,2.6%,NS.2050.002.B724---D503.Pradseq_2022_006,125181,NS.2050.002
GGAAG,S_22_09206,9701898,48780,68573,9584545,98.8%,2.0%,NS.2050.002.B724---D503.Pradseq_2022_006,117353,NS.2050.002
GGACCTA,S_22_09214,8479470,14504,59392,8405574,99.1%,1.8%,NS.2050.002.B724---D503.Pradseq_2022_006,73896,NS.2050.002
GTACTT,S_22_09216,5554568,8071,35564,5510933,99.2%,1.2%,NS.2050.002.B724---D503.Pradseq_2022_006,43635,NS.2050.002
CGGTAGA,S_22_09219,3911462,3339,24635,3883488,99.3%,0.8%,NS.2050.002.B724---D503.Pradseq_2022_006,27974,NS.2050.002
ATATGT,S_22_09222,5677812,25674,40688,5611450,98.8%,1.2%,NS.2050.002.B724---D503.Pradseq_2022_006,66362,NS.2050.002
TAACGA,S_22_09224,892362,23179,23815,845368,94.7%,0.2%,NS.2050.002.B724---D503.Pradseq_2022_006,46994,NS.2050.002
AACCGAGA,S_22_09229,12005700,16803,81650,11907247,99.2%,2.5%,NS.2050.002.B724---D503.Pradseq_2022_006,98453,NS.2050.002
ACAAA,S_22_09238,11674152,127803,87554,11458795,98.2%,2.4%,NS.2050.002.B724---D503.Pradseq_2022_006,215357,NS.2050.002
GCTCTA,S_22_09251,7580384,8788,49983,7521613,99.2%,1.6%,NS.2050.002.B724---D503.Pradseq_2022_006,58771,NS.2050.002
ACTA,S_22_09253,4985022,113804,37371,4833847,97.0%,1.0%,NS.2050.002.B724---D503.Pradseq_2022_006,151175,NS.2050.002
GTCAA,S_22_09281,6447476,28133,43700,6375643,98.9%,1.3%,NS.2050.002.B724---D503.Pradseq_2022_006,71833,NS.2050.002
